etf_code,exchange,etf_name,source_fund_type,asset_class,category_l1,category_l2,classification_rule,classification_confidence,review_status,tracking_index_code,tracking_index_name,enabled,history_start,universe_source
158000,SZ,港股通金融ETF鹏华,指数型-股票,跨境权益,QDII,港股,asset.overseas,high,auto_approved,,,1,2023-01-01,eastmoney_fundcode_search
158001,SZ,价值ETF嘉实,指数型-股票,A股策略,策略,价值,strategy.value,high,auto_approved,,,1,2023-01-01,eastmoney_fundcode_search
158003,SZ,港股通医疗ETF嘉实,指数型-股票,跨境权益,QDII,港股,asset.overseas,high,auto_approved,,,1,2023-01-01,eastmoney_fundcode_search
158005,SZ,工程机械ETF博时,指数型-股票,A股行业,行业,制造（机械与高端制造）,industry.manufacturing,high,auto_approved,,,1,2023-01-01,eastmoney_fundcode_search
158006,SZ,化工ETF博时,指数型-股票,A股行业,行业,周期（化工与材料）,industry.chemical,high,auto_approved,,,1,2023-01-01,eastmoney_fundcode_search
158008,SZ,新能源电池ETF华夏,指数型-股票,A股行业,行业,制造（新能源）,industry.new_energy,high,auto_approved,,,1,2023-01-01,eastmoney_fundcode_search
158009,SZ,航空航天ETF南方,指数型-股票,A股行业,行业,制造（国防军工）,industry.defense,high,auto_approved,,,1,2023-01-01,eastmoney_fundcode_search
158010,SZ,医疗ETF嘉实,指数型-股票,A股行业,行业,消费（医药生物）,industry.healthcare,high,auto_approved,,,1,2023-01-01,eastmoney_fundcode_search
158012,SZ,云计算ETF南方,指数型-股票,A股行业,行业,科技（计算机与AI）,industry.computer_ai,high,auto_approved,,,1,2023-01-01,eastmoney_fundcode_search
158013,SZ,航空航天ETF易方达,指数型-股票,A股行业,行业,制造（国防军工）,industry.defense,high,auto_approved,,,1,2023-01-01,eastmoney_fundcode_search
158017,SZ,化工ETF易方达,指数型-股票,A股行业,行业,周期（化工与材料）,industry.chemical,high,auto_approved,,,1,2023-01-01,eastmoney_fundcode_search
158019,SZ,电池ETF永赢,指数型-股票,A股行业,行业,制造（新能源）,industry.new_energy,high,auto_approved,,,1,2023-01-01,eastmoney_fundcode_search
158027,SZ,工业互联网ETF易方达,,A股行业,行业,科技（计算机与AI）,industry.computer_ai,high,auto_approved,,,1,2023-01-01,eastmoney_fundcode_search
159001,SZ,货币ETF易方达,货币型-普通货币,货币,货币,货币ETF,asset.currency,high,auto_approved,,,1,2023-01-01,eastmoney_fundcode_search
159003,SZ,招商快线ETF,货币型-普通货币,货币,货币,货币ETF,asset.currency,high,auto_approved,,,1,2023-01-01,eastmoney_fundcode_search
159005,SZ,快钱ETF汇添富,货币型-普通货币,货币,货币,货币ETF,asset.currency,high,auto_approved,,,1,2023-01-01,eastmoney_fundcode_search
159007,SZ,华泰柏瑞中证畜牧养殖产业ETF,指数型-股票,A股行业,行业,消费（农林牧渔）,industry.agriculture,high,auto_approved,,,1,2023-01-01,eastmoney_fundcode_search
159008,SZ,景顺长城中证全指证券公司ETF,指数型-股票,A股行业,行业,金融地产（证券）,industry.broker,high,auto_approved,,,1,2023-01-01,eastmoney_fundcode_search
159009,SZ,易方达创业板新能源ETF,指数型-股票,A股宽基,宽基,科技（指数）,broad.tech,high,auto_approved,,,1,2023-01-01,eastmoney_fundcode_search
159010,SZ,港股通科技ETF博时,指数型-股票,跨境权益,QDII,港股,asset.overseas,high,auto_approved,,,1,2023-01-01,eastmoney_fundcode_search
159011,SZ,养殖ETF华安,指数型-股票,A股行业,行业,消费（农林牧渔）,industry.agriculture,high,auto_approved,,,1,2023-01-01,eastmoney_fundcode_search
159012,SZ,鹏华科创创业50ETF,指数型-股票,A股宽基,宽基,科技（指数）,broad.tech,high,auto_approved,,,1,2023-01-01,eastmoney_fundcode_search
159013,SZ,大成中证工业互联网主题ETF,指数型-股票,A股行业,行业,科技（计算机与AI）,industry.computer_ai,high,auto_approved,,,1,2023-01-01,eastmoney_fundcode_search
159015,SZ,恒生港股通科技ETF国联,指数型-股票,跨境权益,QDII,港股,asset.overseas,high,auto_approved,,,1,2023-01-01,eastmoney_fundcode_search
159016,SZ,证券ETF广发,指数型-股票,A股行业,行业,金融地产（证券）,industry.broker,high,auto_approved,,,1,2023-01-01,eastmoney_fundcode_search
159017,SZ,工银瑞信国证石油天然气ETF,指数型-股票,A股行业,行业,周期（能源）,industry.energy,high,auto_approved,,,1,2023-01-01,eastmoney_fundcode_search
159018,SZ,广发国证石油天然气ETF,指数型-股票,A股行业,行业,周期（能源）,industry.energy,high,auto_approved,,,1,2023-01-01,eastmoney_fundcode_search
159019,SZ,华宝国证石油天然气ETF,指数型-股票,A股行业,行业,周期（能源）,industry.energy,high,auto_approved,,,1,2023-01-01,eastmoney_fundcode_search
159020,SZ,易方达中证畜牧养殖产业ETF,指数型-股票,A股行业,行业,消费（农林牧渔）,industry.agriculture,high,auto_approved,,,1,2023-01-01,eastmoney_fundcode_search
159021,SZ,华夏国证大盘价值ETF,指数型-股票,A股策略,策略,价值,strategy.value,high,auto_approved,,,1,2023-01-01,eastmoney_fundcode_search
159022,SZ,富国中证科创创业人工智能ETF,指数型-股票,A股宽基,宽基,科技（指数）,broad.tech,high,auto_approved,,,1,2023-01-01,eastmoney_fundcode_search
159023,SZ,养殖ETF万家,指数型-股票,A股行业,行业,消费（农林牧渔）,industry.agriculture,high,auto_approved,,,1,2023-01-01,eastmoney_fundcode_search
159026,SZ,南方国证石油天然气ETF,指数型-股票,A股行业,行业,周期（能源）,industry.energy,high,auto_approved,,,1,2023-01-01,eastmoney_fundcode_search
159027,SZ,畜牧养殖ETF大成,指数型-股票,A股行业,行业,消费（农林牧渔）,industry.agriculture,high,auto_approved,,,1,2023-01-01,eastmoney_fundcode_search
159028,SZ,港股汽车ETF天弘,指数型-股票,跨境权益,QDII,港股,asset.overseas,high,auto_approved,,,1,2023-01-01,eastmoney_fundcode_search
159029,SZ,广发中证有色金属矿业主题ETF,指数型-股票,A股行业,行业,周期（有色金属）,industry.metals,high,auto_approved,,,1,2023-01-01,eastmoney_fundcode_search
159030,SZ,粮食ETF华夏,指数型-股票,A股行业,行业,消费（农林牧渔）,industry.agriculture,high,auto_approved,,,1,2023-01-01,eastmoney_fundcode_search
159031,SZ,粮食ETF博时,指数型-股票,A股行业,行业,消费（农林牧渔）,industry.agriculture,high,auto_approved,,,1,2023-01-01,eastmoney_fundcode_search
159032,SZ,工业有色ETF易方达,指数型-股票,A股行业,行业,制造（机械与高端制造）,industry.manufacturing,high,auto_approved,,,1,2023-01-01,eastmoney_fundcode_search
159033,SZ,粮食ETF国泰,指数型-股票,A股行业,行业,消费（农林牧渔）,industry.agriculture,high,auto_approved,,,1,2023-01-01,eastmoney_fundcode_search
159035,SZ,天弘中证软件服务ETF,指数型-股票,A股行业,行业,科技（计算机与AI）,industry.computer_ai,high,auto_approved,,,1,2023-01-01,eastmoney_fundcode_search
159036,SZ,软件开发ETF华宝,指数型-股票,A股行业,行业,科技（计算机与AI）,industry.computer_ai,high,auto_approved,,,1,2023-01-01,eastmoney_fundcode_search
159037,SZ,价值ETF鹏华,指数型-股票,A股策略,策略,价值,strategy.value,high,auto_approved,,,1,2023-01-01,eastmoney_fundcode_search
159038,SZ,易方达国证粮食产业ETF,指数型-股票,A股行业,行业,消费（农林牧渔）,industry.agriculture,high,auto_approved,,,1,2023-01-01,eastmoney_fundcode_search
159039,SZ,机器人ETF华安,指数型-股票,A股行业,行业,科技（计算机与AI）,industry.computer_ai,high,auto_approved,,,1,2023-01-01,eastmoney_fundcode_search
159040,SZ,港股通互联网ETF鹏华,指数型-股票,跨境权益,QDII,港股,asset.overseas,high,auto_approved,,,1,2023-01-01,eastmoney_fundcode_search
159041,SZ,农业ETF鹏华,指数型-股票,A股行业,行业,消费（农林牧渔）,industry.agriculture,high,auto_approved,,,1,2023-01-01,eastmoney_fundcode_search
159042,SZ,价值ETF汇添富,指数型-股票,A股策略,策略,价值,strategy.value,high,auto_approved,,,1,2023-01-01,eastmoney_fundcode_search
159043,SZ,食品ETF华安,指数型-股票,A股行业,行业,消费（食品饮料）,industry.consumer,high,auto_approved,,,1,2023-01-01,eastmoney_fundcode_search
159045,SZ,稀有金属ETF大成,指数型-股票,A股行业,行业,周期（有色金属）,industry.metals,high,auto_approved,,,1,2023-01-01,eastmoney_fundcode_search
159046,SZ,绿电ETF天弘,指数型-股票,A股行业,行业,制造（新能源）,industry.new_energy,high,auto_approved,,,1,2023-01-01,eastmoney_fundcode_search
159048,SZ,机器人ETF大成,指数型-股票,A股行业,行业,科技（计算机与AI）,industry.computer_ai,high,auto_approved,,,1,2023-01-01,eastmoney_fundcode_search
159049,SZ,有色ETF工银,指数型-股票,A股行业,行业,周期（有色金属）,industry.metals,high,auto_approved,,,1,2023-01-01,eastmoney_fundcode_search
159050,SZ,机器人ETF广发,指数型-股票,A股行业,行业,科技（计算机与AI）,industry.computer_ai,high,auto_approved,,,1,2023-01-01,eastmoney_fundcode_search
159051,SZ,医疗器械ETF易方达,指数型-股票,A股行业,行业,消费（医药生物）,industry.healthcare,high,auto_approved,,,1,2023-01-01,eastmoney_fundcode_search
159052,SZ,新能源电池ETF嘉实,指数型-股票,A股行业,行业,制造（新能源）,industry.new_energy,high,auto_approved,,,1,2023-01-01,eastmoney_fundcode_search
159053,SZ,稀有金属ETF华夏,指数型-股票,A股行业,行业,周期（有色金属）,industry.metals,high,auto_approved,,,1,2023-01-01,eastmoney_fundcode_search
159055,SZ,稀有金属ETF富国,指数型-股票,A股行业,行业,周期（有色金属）,industry.metals,high,auto_approved,,,1,2023-01-01,eastmoney_fundcode_search
159056,SZ,医疗器械ETF富国,指数型-股票,A股行业,行业,消费（医药生物）,industry.healthcare,high,auto_approved,,,1,2023-01-01,eastmoney_fundcode_search
159057,SZ,医疗器械ETF鹏华,指数型-股票,A股行业,行业,消费（医药生物）,industry.healthcare,high,auto_approved,,,1,2023-01-01,eastmoney_fundcode_search
159058,SZ,证券ETF大成,指数型-股票,A股行业,行业,金融地产（证券）,industry.broker,high,auto_approved,,,1,2023-01-01,eastmoney_fundcode_search
159059,SZ,大成中证全指电力公用事业ETF,指数型-股票,A股行业,行业,公用事业与环保,industry.utility,high,auto_approved,,,1,2023-01-01,eastmoney_fundcode_search
159060,SZ,粮食ETF浦银,指数型-股票,A股行业,行业,消费（农林牧渔）,industry.agriculture,high,auto_approved,,,1,2023-01-01,eastmoney_fundcode_search
159061,SZ,绿色电力ETF南方,指数型-股票,A股行业,行业,公用事业与环保,industry.utility,high,auto_approved,,,1,2023-01-01,eastmoney_fundcode_search
159062,SZ,稀有金属ETF南方,指数型-股票,A股行业,行业,周期（有色金属）,industry.metals,high,auto_approved,,,1,2023-01-01,eastmoney_fundcode_search
159063,SZ,粮食ETF南方,指数型-股票,A股行业,行业,消费（农林牧渔）,industry.agriculture,high,auto_approved,,,1,2023-01-01,eastmoney_fundcode_search
159065,SZ,工程机械ETF景顺,指数型-股票,A股行业,行业,制造（机械与高端制造）,industry.manufacturing,high,auto_approved,,,1,2023-01-01,eastmoney_fundcode_search
159066,SZ,A股ETF建信,指数型-股票,A股宽基,宽基,宽基（综合）,broad.composite,high,auto_approved,,,1,2023-01-01,eastmoney_fundcode_search
159067,SZ,鹏华国证绿色电力ETF,指数型-股票,A股行业,行业,公用事业与环保,industry.utility,high,auto_approved,,,1,2023-01-01,eastmoney_fundcode_search
159068,SZ,软件ETF华夏,指数型-股票,A股行业,行业,科技（计算机与AI）,industry.computer_ai,high,auto_approved,,,1,2023-01-01,eastmoney_fundcode_search
159069,SZ,华泰柏瑞创业板新能源ETF,指数型-股票,A股宽基,宽基,科技（指数）,broad.tech,high,auto_approved,,,1,2023-01-01,eastmoney_fundcode_search
159070,SZ,工程机械ETF嘉实,指数型-股票,A股行业,行业,制造（机械与高端制造）,industry.manufacturing,high,auto_approved,,,1,2023-01-01,eastmoney_fundcode_search
159071,SZ,新能源电池ETF华宝,指数型-股票,A股行业,行业,制造（新能源）,industry.new_energy,high,auto_approved,,,1,2023-01-01,eastmoney_fundcode_search
159072,SZ,粮食ETF景顺,指数型-股票,A股行业,行业,消费（农林牧渔）,industry.agriculture,high,auto_approved,,,1,2023-01-01,eastmoney_fundcode_search
159073,SZ,粮食ETF汇添富,指数型-股票,A股行业,行业,消费（农林牧渔）,industry.agriculture,high,auto_approved,,,1,2023-01-01,eastmoney_fundcode_search
159075,SZ,工业互联网ETF华夏,指数型-股票,A股行业,行业,科技（计算机与AI）,industry.computer_ai,high,auto_approved,,,1,2023-01-01,eastmoney_fundcode_search
159076,SZ,创业板新能源ETF华宝,指数型-股票,A股宽基,宽基,科技（指数）,broad.tech,high,auto_approved,,,1,2023-01-01,eastmoney_fundcode_search
159077,SZ,电池ETF鑫元,指数型-股票,A股行业,行业,制造（新能源）,industry.new_energy,high,auto_approved,,,1,2023-01-01,eastmoney_fundcode_search
159078,SZ,A股ETF富国,指数型-股票,A股宽基,宽基,宽基（综合）,broad.composite,high,auto_approved,,,1,2023-01-01,eastmoney_fundcode_search
159079,SZ,价值ETF兴全,指数型-股票,A股策略,策略,价值,strategy.value,high,auto_approved,,,1,2023-01-01,eastmoney_fundcode_search
159082,SZ,化工ETF华夏,指数型-股票,A股行业,行业,周期（化工与材料）,industry.chemical,high,auto_approved,,,1,2023-01-01,eastmoney_fundcode_search
159083,SZ,红利低波100ETF嘉实,指数型-股票,A股策略,策略,红利与高股息,strategy.dividend,high,auto_approved,,,1,2023-01-01,eastmoney_fundcode_search
159085,SZ,价值ETF永赢,指数型-股票,A股策略,策略,价值,strategy.value,high,auto_approved,,,1,2023-01-01,eastmoney_fundcode_search
159086,SZ,金融科技ETF广发,指数型-股票,A股行业,行业,科技（计算机与AI）,industry.computer_ai,high,auto_approved,,,1,2023-01-01,eastmoney_fundcode_search
159087,SZ,化工ETF万家,指数型-股票,A股行业,行业,周期（化工与材料）,industry.chemical,high,auto_approved,,,1,2023-01-01,eastmoney_fundcode_search
159091,SZ,港股通金融ETF易方达,指数型-股票,跨境权益,QDII,港股,asset.overseas,high,auto_approved,,,1,2023-01-01,eastmoney_fundcode_search
159093,SZ,化工ETF汇添富,指数型-股票,A股行业,行业,周期（化工与材料）,industry.chemical,high,auto_approved,,,1,2023-01-01,eastmoney_fundcode_search
159095,SZ,云计算ETF银华,指数型-股票,A股行业,行业,科技（计算机与AI）,industry.computer_ai,high,auto_approved,,,1,2023-01-01,eastmoney_fundcode_search
159096,SZ,价值ETF华夏,指数型-股票,A股策略,策略,价值,strategy.value,high,auto_approved,,,1,2023-01-01,eastmoney_fundcode_search
159098,SZ,国证价值100ETF招商,指数型-股票,A股策略,策略,价值,strategy.value,high,auto_approved,,,1,2023-01-01,eastmoney_fundcode_search
159099,SZ,华宝中证云计算50ETF,指数型-股票,A股行业,行业,科技（计算机与AI）,industry.computer_ai,high,auto_approved,,,1,2023-01-01,eastmoney_fundcode_search
159100,SZ,巴西ETF华夏,指数型-海外股票,跨境权益,QDII,全球及其他,asset.overseas,high,auto_approved,,,1,2023-01-01,eastmoney_fundcode_search
159101,SZ,港股通科技ETF华夏,指数型-股票,跨境权益,QDII,港股,asset.overseas,high,auto_approved,,,1,2023-01-01,eastmoney_fundcode_search
159102,SZ,港股通生物科技ETF华安,指数型-股票,跨境权益,QDII,港股,asset.overseas,high,auto_approved,,,1,2023-01-01,eastmoney_fundcode_search
159103,SZ,金融科技ETF汇添富,指数型-股票,A股行业,行业,科技（计算机与AI）,industry.computer_ai,high,auto_approved,,,1,2023-01-01,eastmoney_fundcode_search
159105,SZ,恒生生物科技ETF易方达,指数型-股票,跨境权益,QDII,港股,asset.overseas,high,auto_approved,,,1,2023-01-01,eastmoney_fundcode_search
159106,SZ,民企300ETF前海开源,指数型-股票,A股主题,主题,政策与区域主题,theme.policy,high,auto_approved,,,1,2023-01-01,eastmoney_fundcode_search
159107,SZ,创业板软件ETF富国,指数型-股票,A股宽基,宽基,科技（指数）,broad.tech,high,auto_approved,,,1,2023-01-01,eastmoney_fundcode_search
159108,SZ,工业软件ETF博时,指数型-股票,A股行业,行业,科技（计算机与AI）,industry.computer_ai,high,auto_approved,,,1,2023-01-01,eastmoney_fundcode_search
159109,SZ,恒生50ETF景顺,指数型-股票,跨境权益,QDII,港股,asset.overseas,high,auto_approved,,,1,2023-01-01,eastmoney_fundcode_search
159110,SZ,科创债ETF万家,指数型-固收,债券,债券,利率债与国债,asset.bond,high,auto_approved,,,1,2023-01-01,eastmoney_fundcode_search
159111,SZ,科创债ETF天弘,指数型-固收,债券,债券,利率债与国债,asset.bond,high,auto_approved,,,1,2023-01-01,eastmoney_fundcode_search
159112,SZ,科创债ETF银华,指数型-固收,债券,债券,利率债与国债,asset.bond,high,auto_approved,,,1,2023-01-01,eastmoney_fundcode_search
159113,SZ,科创债ETF大成,指数型-固收,债券,债券,利率债与国债,asset.bond,high,auto_approved,,,1,2023-01-01,eastmoney_fundcode_search
159115,SZ,科创债ETF华安,指数型-固收,债券,债券,利率债与国债,asset.bond,high,auto_approved,,,1,2023-01-01,eastmoney_fundcode_search
159116,SZ,科创债ETF工银,指数型-固收,债券,债券,利率债与国债,asset.bond,high,auto_approved,,,1,2023-01-01,eastmoney_fundcode_search
159117,SZ,港股通红利低波ETF鹏华,指数型-股票,跨境权益,QDII,港股,asset.overseas,high,auto_approved,,,1,2023-01-01,eastmoney_fundcode_search
159118,SZ,港股通红利低波ETF华夏,指数型-股票,跨境权益,QDII,港股,asset.overseas,high,auto_approved,,,1,2023-01-01,eastmoney_fundcode_search
159119,SZ,800现金流ETF招商,指数型-股票,A股策略,策略,质量与现金流,strategy.quality,high,auto_approved,,,1,2023-01-01,eastmoney_fundcode_search
159120,SZ,港股通科技ETF国联安,指数型-股票,跨境权益,QDII,港股,asset.overseas,high,auto_approved,,,1,2023-01-01,eastmoney_fundcode_search
159121,SZ,港股通汽车ETF易方达,指数型-股票,跨境权益,QDII,港股,asset.overseas,high,auto_approved,,,1,2023-01-01,eastmoney_fundcode_search
159122,SZ,创业板新能源ETF富国,指数型-股票,A股宽基,宽基,科技（指数）,broad.tech,high,auto_approved,,,1,2023-01-01,eastmoney_fundcode_search
159123,SZ,光伏ETF嘉实,指数型-股票,A股行业,行业,制造（新能源）,industry.new_energy,high,auto_approved,,,1,2023-01-01,eastmoney_fundcode_search
159125,SZ,港股通科技ETF招商,指数型-股票,跨境权益,QDII,港股,asset.overseas,high,auto_approved,,,1,2023-01-01,eastmoney_fundcode_search
159126,SZ,港股通50ETF南方,指数型-股票,跨境权益,QDII,港股,asset.overseas,high,auto_approved,,,1,2023-01-01,eastmoney_fundcode_search
159127,SZ,港股通红利ETF南方,指数型-股票,跨境权益,QDII,港股,asset.overseas,high,auto_approved,,,1,2023-01-01,eastmoney_fundcode_search
159128,SZ,港股科技ETF天弘,指数型-股票,跨境权益,QDII,港股,asset.overseas,high,auto_approved,,,1,2023-01-01,eastmoney_fundcode_search
159129,SZ,化工ETF嘉实,指数型-股票,A股行业,行业,周期（化工与材料）,industry.chemical,high,auto_approved,,,1,2023-01-01,eastmoney_fundcode_search
159130,SZ,恒生生物科技ETF鹏华,指数型-股票,跨境权益,QDII,港股,asset.overseas,high,auto_approved,,,1,2023-01-01,eastmoney_fundcode_search
159131,SZ,港股通信息技术ETF华宝,指数型-股票,跨境权益,QDII,港股,asset.overseas,high,auto_approved,,,1,2023-01-01,eastmoney_fundcode_search
159132,SZ,恒生生物科技ETF富国,指数型-股票,跨境权益,QDII,港股,asset.overseas,high,auto_approved,,,1,2023-01-01,eastmoney_fundcode_search
159133,SZ,化工ETF天弘,指数型-股票,A股行业,行业,周期（化工与材料）,industry.chemical,high,auto_approved,,,1,2023-01-01,eastmoney_fundcode_search
159135,SZ,港股通科技ETF前海开源,指数型-股票,跨境权益,QDII,港股,asset.overseas,high,auto_approved,,,1,2023-01-01,eastmoney_fundcode_search
159136,SZ,A50ETF广发,指数型-股票,A股宽基,宽基,宽基（大盘）,broad.large,high,auto_approved,,,1,2023-01-01,eastmoney_fundcode_search
159137,SZ,港股通医疗ETF华宝,指数型-股票,跨境权益,QDII,港股,asset.overseas,high,auto_approved,,,1,2023-01-01,eastmoney_fundcode_search
159138,SZ,工程机械ETF易方达,指数型-股票,A股行业,行业,制造（机械与高端制造）,industry.manufacturing,high,auto_approved,,,1,2023-01-01,eastmoney_fundcode_search
159139,SZ,科创创业人工智能ETF华泰柏瑞,指数型-股票,A股宽基,宽基,科技（指数）,broad.tech,high,auto_approved,,,1,2023-01-01,eastmoney_fundcode_search
159140,SZ,科创创业人工智能ETF易方达,指数型-股票,A股宽基,宽基,科技（指数）,broad.tech,high,auto_approved,,,1,2023-01-01,eastmoney_fundcode_search
159141,SZ,科创创业人工智能ETF永赢,指数型-股票,A股宽基,宽基,科技（指数）,broad.tech,high,auto_approved,,,1,2023-01-01,eastmoney_fundcode_search
159142,SZ,科创创业人工智能ETF景顺,指数型-股票,A股宽基,宽基,科技（指数）,broad.tech,high,auto_approved,,,1,2023-01-01,eastmoney_fundcode_search
159143,SZ,港股通央企红利ETF平安,指数型-股票,跨境权益,QDII,港股,asset.overseas,high,auto_approved,,,1,2023-01-01,eastmoney_fundcode_search
159145,SZ,工业软件ETF广发,指数型-股票,A股行业,行业,科技（计算机与AI）,industry.computer_ai,high,auto_approved,,,1,2023-01-01,eastmoney_fundcode_search
159146,SZ,电力ETF华宝,指数型-股票,A股行业,行业,公用事业与环保,industry.utility,high,auto_approved,,,1,2023-01-01,eastmoney_fundcode_search
159147,SZ,电池ETF南方,指数型-股票,A股行业,行业,制造（新能源）,industry.new_energy,high,auto_approved,,,1,2023-01-01,eastmoney_fundcode_search
159148,SZ,石油ETF富国,指数型-股票,A股行业,行业,周期（能源）,industry.energy,high,auto_approved,,,1,2023-01-01,eastmoney_fundcode_search
159149,SZ,创业板新能源ETF工银,指数型-股票,A股宽基,宽基,科技（指数）,broad.tech,high,auto_approved,,,1,2023-01-01,eastmoney_fundcode_search
159150,SZ,深证50ETF易方达,指数型-股票,A股宽基,宽基,宽基（大盘）,broad.large,high,auto_approved,,,1,2023-01-01,eastmoney_fundcode_search
159151,SZ,食品ETF华夏,指数型-股票,A股行业,行业,消费（食品饮料）,industry.consumer,high,auto_approved,,,1,2023-01-01,eastmoney_fundcode_search
159152,SZ,港股通科技ETF平安,指数型-股票,跨境权益,QDII,港股,asset.overseas,high,auto_approved,,,1,2023-01-01,eastmoney_fundcode_search
159153,SZ,消费电子ETF鹏华,指数型-股票,A股行业,行业,科技（电子）,industry.electronics,high,auto_approved,,,1,2023-01-01,eastmoney_fundcode_search
159155,SZ,电池ETF大成,指数型-股票,A股行业,行业,制造（新能源）,industry.new_energy,high,auto_approved,,,1,2023-01-01,eastmoney_fundcode_search
159156,SZ,电池ETF万家,指数型-股票,A股行业,行业,制造（新能源）,industry.new_energy,high,auto_approved,,,1,2023-01-01,eastmoney_fundcode_search
159157,SZ,有色金属ETF天弘,指数型-股票,A股行业,行业,周期（有色金属）,industry.metals,high,auto_approved,,,1,2023-01-01,eastmoney_fundcode_search
159158,SZ,电力ETF景顺,指数型-股票,A股行业,行业,公用事业与环保,industry.utility,high,auto_approved,,,1,2023-01-01,eastmoney_fundcode_search
159159,SZ,公用事业ETF国投瑞银,指数型-股票,A股行业,行业,公用事业与环保,industry.utility,high,auto_approved,,,1,2023-01-01,eastmoney_fundcode_search
159160,SZ,电池ETF东财,指数型-股票,A股行业,行业,制造（新能源）,industry.new_energy,high,auto_approved,,,1,2023-01-01,eastmoney_fundcode_search
159161,SZ,工程机械ETF东财,指数型-股票,A股行业,行业,制造（机械与高端制造）,industry.manufacturing,high,auto_approved,,,1,2023-01-01,eastmoney_fundcode_search
159162,SZ,工业有色ETF鹏华,指数型-股票,A股行业,行业,制造（机械与高端制造）,industry.manufacturing,high,auto_approved,,,1,2023-01-01,eastmoney_fundcode_search
159163,SZ,有色ETF泰康,指数型-股票,A股行业,行业,周期（有色金属）,industry.metals,high,auto_approved,,,1,2023-01-01,eastmoney_fundcode_search
159165,SZ,养殖ETF永赢,指数型-股票,A股行业,行业,消费（农林牧渔）,industry.agriculture,high,auto_approved,,,1,2023-01-01,eastmoney_fundcode_search
159166,SZ,现金流ETF长城,指数型-股票,A股策略,策略,质量与现金流,strategy.quality,high,auto_approved,,,1,2023-01-01,eastmoney_fundcode_search
159167,SZ,港股通医疗ETF工银,指数型-股票,跨境权益,QDII,港股,asset.overseas,high,auto_approved,,,1,2023-01-01,eastmoney_fundcode_search
159168,SZ,有色ETF富国,指数型-股票,A股行业,行业,周期（有色金属）,industry.metals,high,auto_approved,,,1,2023-01-01,eastmoney_fundcode_search
159169,SZ,恒生生物科技ETF广发,指数型-股票,跨境权益,QDII,港股,asset.overseas,high,auto_approved,,,1,2023-01-01,eastmoney_fundcode_search
159170,SZ,港股通互联网ETF永赢,指数型-股票,跨境权益,QDII,港股,asset.overseas,high,auto_approved,,,1,2023-01-01,eastmoney_fundcode_search
159171,SZ,工业有色ETF博时,指数型-股票,A股行业,行业,制造（机械与高端制造）,industry.manufacturing,high,auto_approved,,,1,2023-01-01,eastmoney_fundcode_search
159172,SZ,养殖ETF汇添富,指数型-股票,A股行业,行业,消费（农林牧渔）,industry.agriculture,high,auto_approved,,,1,2023-01-01,eastmoney_fundcode_search
159173,SZ,南方中证全指农牧渔ETF,指数型-股票,A股行业,行业,消费（农林牧渔）,industry.agriculture,high,auto_approved,,,1,2023-01-01,eastmoney_fundcode_search
159175,SZ,电池ETF易方达,指数型-股票,A股行业,行业,制造（新能源）,industry.new_energy,high,auto_approved,,,1,2023-01-01,eastmoney_fundcode_search
159176,SZ,华宝中证全指家用电器ETF,指数型-股票,A股行业,行业,消费（家电）,industry.appliance,high,auto_approved,,,1,2023-01-01,eastmoney_fundcode_search
159177,SZ,鹏华中证工程机械主题ETF,指数型-股票,A股行业,行业,制造（机械与高端制造）,industry.manufacturing,high,auto_approved,,,1,2023-01-01,eastmoney_fundcode_search
159178,SZ,汇添富国证消费电子主题ETF,指数型-股票,A股行业,行业,科技（电子）,industry.electronics,high,auto_approved,,,1,2023-01-01,eastmoney_fundcode_search
159179,SZ,港股通互联网ETF工银,指数型-股票,跨境权益,QDII,港股,asset.overseas,high,auto_approved,,,1,2023-01-01,eastmoney_fundcode_search
159180,SZ,银华国证工业软件主题ETF,指数型-股票,A股行业,行业,科技（计算机与AI）,industry.computer_ai,high,auto_approved,,,1,2023-01-01,eastmoney_fundcode_search
159181,SZ,石油ETF易方达,指数型-股票,A股行业,行业,周期（能源）,industry.energy,high,auto_approved,,,1,2023-01-01,eastmoney_fundcode_search
159182,SZ,南方中证全指家用电器ETF,指数型-股票,A股行业,行业,消费（家电）,industry.appliance,high,auto_approved,,,1,2023-01-01,eastmoney_fundcode_search
159183,SZ,新能源车ETF招商,指数型-股票,A股行业,行业,消费（汽车）,industry.auto,high,auto_approved,,,1,2023-01-01,eastmoney_fundcode_search
159185,SZ,鹏华中证港股通信息技术综合ETF,指数型-股票,跨境权益,QDII,港股,asset.overseas,high,auto_approved,,,1,2023-01-01,eastmoney_fundcode_search
159186,SZ,鹏华恒生港股通汽车主题ETF,指数型-股票,跨境权益,QDII,港股,asset.overseas,high,auto_approved,,,1,2023-01-01,eastmoney_fundcode_search
159187,SZ,创业板新能源ETF景顺,指数型-股票,A股宽基,宽基,科技（指数）,broad.tech,high,auto_approved,,,1,2023-01-01,eastmoney_fundcode_search
159188,SZ,景顺长城标普中国A股红利100ETF,指数型-股票,跨境权益,QDII,美国,asset.overseas,high,auto_approved,,,1,2023-01-01,eastmoney_fundcode_search
159189,SZ,石油ETF华夏,指数型-股票,A股行业,行业,周期（能源）,industry.energy,high,auto_approved,,,1,2023-01-01,eastmoney_fundcode_search
159190,SZ,创业板新能源ETF天弘,指数型-股票,A股宽基,宽基,科技（指数）,broad.tech,high,auto_approved,,,1,2023-01-01,eastmoney_fundcode_search
159191,SZ,港股通科技ETF易方达,指数型-股票,跨境权益,QDII,港股,asset.overseas,high,auto_approved,,,1,2023-01-01,eastmoney_fundcode_search
159192,SZ,汇添富中证家电龙头ETF,指数型-股票,A股宽基,宽基,宽基（大盘）,broad.large,high,auto_approved,,,1,2023-01-01,eastmoney_fundcode_search
159193,SZ,新能源电池ETF银华,指数型-股票,A股行业,行业,制造（新能源）,industry.new_energy,high,auto_approved,,,1,2023-01-01,eastmoney_fundcode_search
159195,SZ,华安国证石油天然气ETF,指数型-股票,A股行业,行业,周期（能源）,industry.energy,high,auto_approved,,,1,2023-01-01,eastmoney_fundcode_search
159196,SZ,易方达中证港股通信息技术综合ETF,指数型-股票,跨境权益,QDII,港股,asset.overseas,high,auto_approved,,,1,2023-01-01,eastmoney_fundcode_search
159197,SZ,招商国证石油天然气ETF,指数型-股票,A股行业,行业,周期（能源）,industry.energy,high,auto_approved,,,1,2023-01-01,eastmoney_fundcode_search
159198,SZ,富国中证港股通信息技术综合ETF,指数型-股票,跨境权益,QDII,港股,asset.overseas,high,auto_approved,,,1,2023-01-01,eastmoney_fundcode_search
159199,SZ,平安国证石油天然气ETF,指数型-股票,A股行业,行业,周期（能源）,industry.energy,high,auto_approved,,,1,2023-01-01,eastmoney_fundcode_search
159200,SZ,科创债ETF富国,指数型-固收,债券,债券,利率债与国债,asset.bond,high,auto_approved,,,1,2023-01-01,eastmoney_fundcode_search
159201,SZ,自由现金流ETF华夏,指数型-股票,A股策略,策略,质量与现金流,strategy.quality,high,auto_approved,,,1,2023-01-01,eastmoney_fundcode_search
159202,SZ,恒生互联网ETF万家,指数型-海外股票,跨境权益,QDII,港股,asset.overseas,high,auto_approved,,,1,2023-01-01,eastmoney_fundcode_search
159203,SZ,大盘成长ETF博时,指数型-股票,A股策略,策略,成长,strategy.growth,high,auto_approved,,,1,2023-01-01,eastmoney_fundcode_search
159205,SZ,创业板ETF东财,指数型-股票,A股宽基,宽基,科技（指数）,broad.tech,high,auto_approved,,,1,2023-01-01,eastmoney_fundcode_search
159206,SZ,卫星ETF永赢,指数型-股票,A股行业,行业,制造（国防军工）,industry.defense,high,auto_approved,,,1,2023-01-01,eastmoney_fundcode_search
159207,SZ,高股息ETF广发,指数型-股票,A股策略,策略,红利与高股息,strategy.dividend,high,auto_approved,,,1,2023-01-01,eastmoney_fundcode_search
159208,SZ,航空航天ETF万家,指数型-股票,A股行业,行业,制造（国防军工）,industry.defense,high,auto_approved,,,1,2023-01-01,eastmoney_fundcode_search
159209,SZ,红利质量ETF招商,指数型-股票,A股策略,策略,红利与高股息,strategy.dividend,high,auto_approved,,,1,2023-01-01,eastmoney_fundcode_search
159210,SZ,港股通汽车ETF汇添富,指数型-股票,跨境权益,QDII,港股,asset.overseas,high,auto_approved,,,1,2023-01-01,eastmoney_fundcode_search
159211,SZ,深证100ETF富国,指数型-股票,A股宽基,宽基,宽基（大盘）,broad.large,high,auto_approved,,,1,2023-01-01,eastmoney_fundcode_search
159212,SZ,深100ETF南方,指数型-股票,A股宽基,宽基,宽基（大盘）,broad.large,high,auto_approved,,,1,2023-01-01,eastmoney_fundcode_search
159213,SZ,机器人ETF汇添富,指数型-股票,A股行业,行业,科技（计算机与AI）,industry.computer_ai,high,auto_approved,,,1,2023-01-01,eastmoney_fundcode_search
159215,SZ,A500ETF平安,指数型-股票,A股宽基,宽基,宽基（大盘）,broad.large,high,auto_approved,,,1,2023-01-01,eastmoney_fundcode_search
159216,SZ,深证100ETF大成,指数型-股票,A股宽基,宽基,宽基（大盘）,broad.large,high,auto_approved,,,1,2023-01-01,eastmoney_fundcode_search
159217,SZ,港股通创新药ETF工银,指数型-股票,跨境权益,QDII,港股,asset.overseas,high,auto_approved,,,1,2023-01-01,eastmoney_fundcode_search
159218,SZ,卫星ETF招商,指数型-股票,A股行业,行业,制造（国防军工）,industry.defense,high,auto_approved,,,1,2023-01-01,eastmoney_fundcode_search
159219,SZ,深证100ETF融通,指数型-股票,A股宽基,宽基,宽基（大盘）,broad.large,high,auto_approved,,,1,2023-01-01,eastmoney_fundcode_search
159220,SZ,港股通红利低波ETF华宝,指数型-股票,跨境权益,QDII,港股,asset.overseas,high,auto_approved,,,1,2023-01-01,eastmoney_fundcode_search
159221,SZ,现金流ETF嘉实,指数型-股票,A股策略,策略,质量与现金流,strategy.quality,high,auto_approved,,,1,2023-01-01,eastmoney_fundcode_search
159222,SZ,自由现金流ETF易方达,指数型-股票,A股策略,策略,质量与现金流,strategy.quality,high,auto_approved,,,1,2023-01-01,eastmoney_fundcode_search
159223,SZ,现金流ETF永赢,指数型-股票,A股策略,策略,质量与现金流,strategy.quality,high,auto_approved,,,1,2023-01-01,eastmoney_fundcode_search
159225,SZ,现金流ETF银华,指数型-股票,A股策略,策略,质量与现金流,strategy.quality,high,auto_approved,,,1,2023-01-01,eastmoney_fundcode_search
159226,SZ,中证A500增强ETF国泰,指数型-股票,A股宽基,宽基,宽基（大盘）,broad.large,high,auto_approved,,,1,2023-01-01,eastmoney_fundcode_search
159227,SZ,航空航天ETF华夏,指数型-股票,A股行业,行业,制造（国防军工）,industry.defense,high,auto_approved,,,1,2023-01-01,eastmoney_fundcode_search
159228,SZ,红利低波ETF长城,指数型-股票,A股策略,策略,红利与高股息,strategy.dividend,high,auto_approved,,,1,2023-01-01,eastmoney_fundcode_search
159229,SZ,自由现金流ETF广发,指数型-股票,A股策略,策略,质量与现金流,strategy.quality,high,auto_approved,,,1,2023-01-01,eastmoney_fundcode_search
159230,SZ,通用航空ETF华夏,指数型-股票,A股行业,行业,制造（国防军工）,industry.defense,high,auto_approved,,,1,2023-01-01,eastmoney_fundcode_search
159231,SZ,通用航空ETF华宝,指数型-股票,A股行业,行业,制造（国防军工）,industry.defense,high,auto_approved,,,1,2023-01-01,eastmoney_fundcode_search
159232,SZ,自由现金流ETF南方,指数型-股票,A股策略,策略,质量与现金流,strategy.quality,high,auto_approved,,,1,2023-01-01,eastmoney_fundcode_search
159233,SZ,自由现金流ETF平安,指数型-股票,A股策略,策略,质量与现金流,strategy.quality,high,auto_approved,,,1,2023-01-01,eastmoney_fundcode_search
159235,SZ,中证现金流ETF大成,指数型-股票,A股策略,策略,质量与现金流,strategy.quality,high,auto_approved,,,1,2023-01-01,eastmoney_fundcode_search
159236,SZ,自由现金流ETF工银,指数型-股票,A股策略,策略,质量与现金流,strategy.quality,high,auto_approved,,,1,2023-01-01,eastmoney_fundcode_search
159237,SZ,港股汽车ETF工银,指数型-股票,跨境权益,QDII,港股,asset.overseas,high,auto_approved,,,1,2023-01-01,eastmoney_fundcode_search
159238,SZ,沪深300增强ETF景顺,指数型-股票,A股宽基,宽基,宽基（大盘）,broad.large,high,auto_approved,,,1,2023-01-01,eastmoney_fundcode_search
159239,SZ,港股通汽车ETF富国,指数型-股票,跨境权益,QDII,港股,asset.overseas,high,auto_approved,,,1,2023-01-01,eastmoney_fundcode_search
159240,SZ,A500增强ETF天弘,指数型-股票,A股宽基,宽基,宽基（大盘）,broad.large,high,auto_approved,,,1,2023-01-01,eastmoney_fundcode_search
159241,SZ,航空航天ETF天弘,指数型-股票,A股行业,行业,制造（国防军工）,industry.defense,high,auto_approved,,,1,2023-01-01,eastmoney_fundcode_search
159242,SZ,创业板人工智能ETF大成,指数型-股票,A股宽基,宽基,科技（指数）,broad.tech,high,auto_approved,,,1,2023-01-01,eastmoney_fundcode_search
159243,SZ,创业板人工智能ETF招商,指数型-股票,A股宽基,宽基,科技（指数）,broad.tech,high,auto_approved,,,1,2023-01-01,eastmoney_fundcode_search
159245,SZ,港股通消费ETF富国,指数型-股票,跨境权益,QDII,港股,asset.overseas,high,auto_approved,,,1,2023-01-01,eastmoney_fundcode_search
159246,SZ,创业板人工智能ETF富国,指数型-股票,A股宽基,宽基,科技（指数）,broad.tech,high,auto_approved,,,1,2023-01-01,eastmoney_fundcode_search
159247,SZ,创业板ETF汇添富,指数型-股票,A股宽基,宽基,科技（指数）,broad.tech,high,auto_approved,,,1,2023-01-01,eastmoney_fundcode_search
159248,SZ,人工智能ETF万家,指数型-股票,A股行业,行业,科技（计算机与AI）,industry.computer_ai,high,auto_approved,,,1,2023-01-01,eastmoney_fundcode_search
159249,SZ,A500增强ETF工银,指数型-股票,A股宽基,宽基,宽基（大盘）,broad.large,high,auto_approved,,,1,2023-01-01,eastmoney_fundcode_search
159251,SZ,港股通科技ETF万家,指数型-股票,跨境权益,QDII,港股,asset.overseas,high,auto_approved,,,1,2023-01-01,eastmoney_fundcode_search
159253,SZ,银行ETF博时,指数型-股票,A股行业,行业,金融地产（银行）,industry.bank,high,auto_approved,,,1,2023-01-01,eastmoney_fundcode_search
159255,SZ,通用航空ETF易方达,指数型-股票,A股行业,行业,制造（国防军工）,industry.defense,high,auto_approved,,,1,2023-01-01,eastmoney_fundcode_search
159256,SZ,创业板软件ETF华夏,指数型-股票,A股宽基,宽基,科技（指数）,broad.tech,high,auto_approved,,,1,2023-01-01,eastmoney_fundcode_search
159257,SZ,航空ETF汇添富,指数型-股票,A股行业,行业,制造（国防军工）,industry.defense,high,auto_approved,,,1,2023-01-01,eastmoney_fundcode_search
159258,SZ,机器人ETF南方,指数型-股票,A股行业,行业,科技（计算机与AI）,industry.computer_ai,high,auto_approved,,,1,2023-01-01,eastmoney_fundcode_search
159259,SZ,成长ETF易方达,指数型-股票,A股策略,策略,成长,strategy.growth,high,auto_approved,,,1,2023-01-01,eastmoney_fundcode_search
159260,SZ,证券ETF博时,指数型-股票,A股行业,行业,金融地产（证券）,industry.broker,high,auto_approved,,,1,2023-01-01,eastmoney_fundcode_search
159261,SZ,创业板新能源ETF鹏华,指数型-股票,A股宽基,宽基,科技（指数）,broad.tech,high,auto_approved,,,1,2023-01-01,eastmoney_fundcode_search
159262,SZ,港股通科技ETF广发,指数型-股票,跨境权益,QDII,港股,asset.overseas,high,auto_approved,,,1,2023-01-01,eastmoney_fundcode_search
159263,SZ,价值ETF易方达,指数型-股票,A股策略,策略,价值,strategy.value,high,auto_approved,,,1,2023-01-01,eastmoney_fundcode_search
159265,SZ,港股消费ETF鹏华,指数型-股票,跨境权益,QDII,港股,asset.overseas,high,auto_approved,,,1,2023-01-01,eastmoney_fundcode_search
159266,SZ,港股央企红利ETF永赢,指数型-股票,跨境权益,QDII,港股,asset.overseas,high,auto_approved,,,1,2023-01-01,eastmoney_fundcode_search
159267,SZ,航天ETF华安,指数型-股票,A股行业,行业,制造（国防军工）,industry.defense,high,auto_approved,,,1,2023-01-01,eastmoney_fundcode_search
159268,SZ,港股通消费ETF汇添富,指数型-股票,跨境权益,QDII,港股,asset.overseas,high,auto_approved,,,1,2023-01-01,eastmoney_fundcode_search
159269,SZ,港股通科技ETF南方,指数型-股票,跨境权益,QDII,港股,asset.overseas,high,auto_approved,,,1,2023-01-01,eastmoney_fundcode_search
159270,SZ,创业板200ETF南方,指数型-股票,A股宽基,宽基,科技（指数）,broad.tech,high,auto_approved,,,1,2023-01-01,eastmoney_fundcode_search
159271,SZ,恒生ETF鹏华,指数型-股票,跨境权益,QDII,港股,asset.overseas,high,auto_approved,,,1,2023-01-01,eastmoney_fundcode_search
159272,SZ,机器人ETF富国,指数型-股票,A股行业,行业,科技（计算机与AI）,industry.computer_ai,high,auto_approved,,,1,2023-01-01,eastmoney_fundcode_search
159273,SZ,云计算ETF汇添富,指数型-股票,A股行业,行业,科技（计算机与AI）,industry.computer_ai,high,auto_approved,,,1,2023-01-01,eastmoney_fundcode_search
159275,SZ,农牧渔ETF华宝,指数型-股票,A股行业,行业,消费（农林牧渔）,industry.agriculture,high,auto_approved,,,1,2023-01-01,eastmoney_fundcode_search
159276,SZ,现金流ETF汇添富,指数型-股票,A股策略,策略,质量与现金流,strategy.quality,high,auto_approved,,,1,2023-01-01,eastmoney_fundcode_search
159277,SZ,港股通红利ETF富国,指数型-股票,跨境权益,QDII,港股,asset.overseas,high,auto_approved,,,1,2023-01-01,eastmoney_fundcode_search
159278,SZ,机器人ETF鹏华,指数型-股票,A股行业,行业,科技（计算机与AI）,industry.computer_ai,high,auto_approved,,,1,2023-01-01,eastmoney_fundcode_search
159279,SZ,创业板人工智能ETF华安,指数型-股票,A股宽基,宽基,科技（指数）,broad.tech,high,auto_approved,,,1,2023-01-01,eastmoney_fundcode_search
159280,SZ,港股通互联网ETF汇添富,指数型-股票,跨境权益,QDII,港股,asset.overseas,high,auto_approved,,,1,2023-01-01,eastmoney_fundcode_search
159281,SZ,港股央企红利ETF天弘,指数型-股票,跨境权益,QDII,港股,asset.overseas,high,auto_approved,,,1,2023-01-01,eastmoney_fundcode_search
159283,SZ,通用航空ETF南方,指数型-股票,A股行业,行业,制造（国防军工）,industry.defense,high,auto_approved,,,1,2023-01-01,eastmoney_fundcode_search
159285,SZ,港股通消费ETF华安,指数型-股票,跨境权益,QDII,港股,asset.overseas,high,auto_approved,,,1,2023-01-01,eastmoney_fundcode_search
159286,SZ,港股通创新药ETF鹏华,指数型-股票,跨境权益,QDII,港股,asset.overseas,high,auto_approved,,,1,2023-01-01,eastmoney_fundcode_search
159287,SZ,创业板综ETF博时,指数型-股票,A股宽基,宽基,科技（指数）,broad.tech,high,auto_approved,,,1,2023-01-01,eastmoney_fundcode_search
159288,SZ,创业板综ETF银华,指数型-股票,A股宽基,宽基,科技（指数）,broad.tech,high,auto_approved,,,1,2023-01-01,eastmoney_fundcode_search
159289,SZ,创业板综指ETF鹏华,指数型-股票,A股宽基,宽基,科技（指数）,broad.tech,high,auto_approved,,,1,2023-01-01,eastmoney_fundcode_search
159290,SZ,创业板综指增强ETF东财,指数型-股票,A股宽基,宽基,科技（指数）,broad.tech,high,auto_approved,,,1,2023-01-01,eastmoney_fundcode_search
159291,SZ,创业板综增强ETF招商,指数型-股票,A股宽基,宽基,科技（指数）,broad.tech,high,auto_approved,,,1,2023-01-01,eastmoney_fundcode_search
159292,SZ,创业板综增强ETF华宝,指数型-股票,A股宽基,宽基,科技（指数）,broad.tech,high,auto_approved,,,1,2023-01-01,eastmoney_fundcode_search
159293,SZ,创业板综增强ETF建信,指数型-股票,A股宽基,宽基,科技（指数）,broad.tech,high,auto_approved,,,1,2023-01-01,eastmoney_fundcode_search
159295,SZ,创业综指ETF西部利得,指数型-股票,A股宽基,宽基,宽基（综合）,broad.composite,high,auto_approved,,,1,2023-01-01,eastmoney_fundcode_search
159296,SZ,A500红利低波ETF华宝,指数型-股票,A股策略,策略,红利与高股息,strategy.dividend,high,auto_approved,,,1,2023-01-01,eastmoney_fundcode_search
159297,SZ,港股通创新药ETF南方,指数型-股票,跨境权益,QDII,港股,asset.overseas,high,auto_approved,,,1,2023-01-01,eastmoney_fundcode_search
159298,SZ,创业板50ETF大成,指数型-股票,A股宽基,宽基,科技（指数）,broad.tech,high,auto_approved,,,1,2023-01-01,eastmoney_fundcode_search
159299,SZ,金融科技ETF易方达,指数型-股票,A股行业,行业,科技（计算机与AI）,industry.computer_ai,high,auto_approved,,,1,2023-01-01,eastmoney_fundcode_search
159300,SZ,沪深300ETF富国,指数型-股票,A股宽基,宽基,宽基（大盘）,broad.large,high,auto_approved,,,1,2023-01-01,eastmoney_fundcode_search
159301,SZ,公用事业ETF华夏,指数型-股票,A股行业,行业,公用事业与环保,industry.utility,high,auto_approved,,,1,2023-01-01,eastmoney_fundcode_search
159302,SZ,港股高股息ETF银华,指数型-股票,跨境权益,QDII,港股,asset.overseas,high,auto_approved,,,1,2023-01-01,eastmoney_fundcode_search
159303,SZ,恒生医疗ETF大成,指数型-海外股票,跨境权益,QDII,港股,asset.overseas,high,auto_approved,,,1,2023-01-01,eastmoney_fundcode_search
159305,SZ,储能电池ETF广发,指数型-股票,A股行业,行业,制造（新能源）,industry.new_energy,high,auto_approved,,,1,2023-01-01,eastmoney_fundcode_search
159306,SZ,汽车零部件ETF平安,指数型-股票,A股行业,行业,消费（汽车）,industry.auto,high,auto_approved,,,1,2023-01-01,eastmoney_fundcode_search
159307,SZ,红利低波100ETF博时,指数型-股票,A股策略,策略,红利与高股息,strategy.dividend,high,auto_approved,,,1,2023-01-01,eastmoney_fundcode_search
159309,SZ,油气ETF汇添富,指数型-股票,A股行业,行业,周期（能源）,industry.energy,high,auto_approved,,,1,2023-01-01,eastmoney_fundcode_search
159310,SZ,芯片ETF天弘,指数型-股票,A股行业,行业,科技（半导体）,industry.semiconductor,high,auto_approved,,,1,2023-01-01,eastmoney_fundcode_search
159311,SZ,数字经济ETF易方达,指数型-股票,A股行业,行业,科技（计算机与AI）,industry.computer_ai,high,auto_approved,,,1,2023-01-01,eastmoney_fundcode_search
159312,SZ,恒指港股通ETF广发,指数型-股票,跨境权益,QDII,港股,asset.overseas,high,auto_approved,,,1,2023-01-01,eastmoney_fundcode_search
159315,SZ,黄金股ETF工银,指数型-股票,A股行业,行业,周期（有色金属）,industry.metals,high,auto_approved,,,1,2023-01-01,eastmoney_fundcode_search
159316,SZ,港股通创新药ETF易方达,指数型-股票,跨境权益,QDII,港股,asset.overseas,high,auto_approved,,,1,2023-01-01,eastmoney_fundcode_search
159318,SZ,恒指港股通ETF银华,指数型-股票,跨境权益,QDII,港股,asset.overseas,high,auto_approved,,,1,2023-01-01,eastmoney_fundcode_search
159320,SZ,电网设备ETF广发,指数型-股票,A股行业,行业,制造（新能源）,industry.new_energy,high,auto_approved,,,1,2023-01-01,eastmoney_fundcode_search
159321,SZ,黄金股ETF华安,指数型-股票,A股行业,行业,周期（有色金属）,industry.metals,high,auto_approved,,,1,2023-01-01,eastmoney_fundcode_search
159322,SZ,黄金股ETF平安,指数型-股票,A股行业,行业,周期（有色金属）,industry.metals,high,auto_approved,,,1,2023-01-01,eastmoney_fundcode_search
159323,SZ,港股通汽车ETF华夏,指数型-股票,跨境权益,QDII,港股,asset.overseas,high,auto_approved,,,1,2023-01-01,eastmoney_fundcode_search
159325,SZ,半导体ETF南方,指数型-股票,A股行业,行业,科技（半导体）,industry.semiconductor,high,auto_approved,,,1,2023-01-01,eastmoney_fundcode_search
159326,SZ,电网设备ETF华夏,指数型-股票,A股行业,行业,制造（新能源）,industry.new_energy,high,auto_approved,,,1,2023-01-01,eastmoney_fundcode_search
159327,SZ,半导体设备ETF万家,指数型-股票,A股行业,行业,科技（半导体）,industry.semiconductor,high,auto_approved,,,1,2023-01-01,eastmoney_fundcode_search
159328,SZ,家电ETF易方达,指数型-股票,A股行业,行业,消费（家电）,industry.appliance,high,auto_approved,,,1,2023-01-01,eastmoney_fundcode_search
159329,SZ,沙特ETF南方,指数型-海外股票,跨境权益,QDII,新兴市场,asset.overseas,high,auto_approved,,,1,2023-01-01,eastmoney_fundcode_search
159330,SZ,沪深300ETF东财,指数型-股票,A股宽基,宽基,宽基（大盘）,broad.large,high,auto_approved,,,1,2023-01-01,eastmoney_fundcode_search
159331,SZ,红利港股ETF国泰,指数型-股票,跨境权益,QDII,港股,asset.overseas,high,auto_approved,,,1,2023-01-01,eastmoney_fundcode_search
159332,SZ,央企红利ETF富国,指数型-股票,A股策略,策略,红利与高股息,strategy.dividend,high,auto_approved,,,1,2023-01-01,eastmoney_fundcode_search
159333,SZ,港股央企红利ETF万家,指数型-股票,跨境权益,QDII,港股,asset.overseas,high,auto_approved,,,1,2023-01-01,eastmoney_fundcode_search
159335,SZ,央企科创ETF融通,指数型-股票,A股主题,主题,政策与区域主题,theme.policy,high,auto_approved,,,1,2023-01-01,eastmoney_fundcode_search
159336,SZ,央企红利ETF融通,指数型-股票,A股策略,策略,红利与高股息,strategy.dividend,high,auto_approved,,,1,2023-01-01,eastmoney_fundcode_search
159337,SZ,中证500ETF东财,指数型-股票,A股宽基,宽基,宽基（中盘）,broad.mid,high,auto_approved,,,1,2023-01-01,eastmoney_fundcode_search
159338,SZ,中证A500ETF国泰,指数型-股票,A股宽基,宽基,宽基（大盘）,broad.large,high,auto_approved,,,1,2023-01-01,eastmoney_fundcode_search
159339,SZ,A500ETF银华,指数型-股票,A股宽基,宽基,宽基（大盘）,broad.large,high,auto_approved,,,1,2023-01-01,eastmoney_fundcode_search
159350,SZ,深证50ETF富国,指数型-股票,A股宽基,宽基,宽基（大盘）,broad.large,high,auto_approved,,,1,2023-01-01,eastmoney_fundcode_search
159351,SZ,A500ETF嘉实,指数型-股票,A股宽基,宽基,宽基（大盘）,broad.large,high,auto_approved,,,1,2023-01-01,eastmoney_fundcode_search
159352,SZ,A500ETF南方,指数型-股票,A股宽基,宽基,宽基（大盘）,broad.large,high,auto_approved,,,1,2023-01-01,eastmoney_fundcode_search
159353,SZ,中证A500ETF景顺,指数型-股票,A股宽基,宽基,宽基（大盘）,broad.large,high,auto_approved,,,1,2023-01-01,eastmoney_fundcode_search
159355,SZ,800红利低波ETF华宝,指数型-股票,A股策略,策略,红利与高股息,strategy.dividend,high,auto_approved,,,1,2023-01-01,eastmoney_fundcode_search
159356,SZ,A500ETF万家,指数型-股票,A股宽基,宽基,宽基（大盘）,broad.large,high,auto_approved,,,1,2023-01-01,eastmoney_fundcode_search
159357,SZ,A500ETF博时,指数型-股票,A股宽基,宽基,宽基（大盘）,broad.large,high,auto_approved,,,1,2023-01-01,eastmoney_fundcode_search
159358,SZ,中证A500ETF大成,指数型-股票,A股宽基,宽基,宽基（大盘）,broad.large,high,auto_approved,,,1,2023-01-01,eastmoney_fundcode_search
159359,SZ,A500ETF华安,指数型-股票,A股宽基,宽基,宽基（大盘）,broad.large,high,auto_approved,,,1,2023-01-01,eastmoney_fundcode_search
159360,SZ,A500ETF天弘,指数型-股票,A股宽基,宽基,宽基（大盘）,broad.large,high,auto_approved,,,1,2023-01-01,eastmoney_fundcode_search
159361,SZ,A500ETF易方达,指数型-股票,A股宽基,宽基,宽基（大盘）,broad.large,high,auto_approved,,,1,2023-01-01,eastmoney_fundcode_search
159362,SZ,A500ETF工银,指数型-股票,A股宽基,宽基,宽基（大盘）,broad.large,high,auto_approved,,,1,2023-01-01,eastmoney_fundcode_search
159363,SZ,创业板人工智能ETF华宝,指数型-股票,A股宽基,宽基,科技（指数）,broad.tech,high,auto_approved,,,1,2023-01-01,eastmoney_fundcode_search
159365,SZ,恒指港股通ETF富国,指数型-股票,跨境权益,QDII,港股,asset.overseas,high,auto_approved,,,1,2023-01-01,eastmoney_fundcode_search
159366,SZ,港股医疗ETF永赢,指数型-股票,跨境权益,QDII,港股,asset.overseas,high,auto_approved,,,1,2023-01-01,eastmoney_fundcode_search
159367,SZ,创业板50ETF华夏,指数型-股票,A股宽基,宽基,科技（指数）,broad.tech,high,auto_approved,,,1,2023-01-01,eastmoney_fundcode_search
159368,SZ,创业板新能源ETF华夏,指数型-股票,A股宽基,宽基,科技（指数）,broad.tech,high,auto_approved,,,1,2023-01-01,eastmoney_fundcode_search
159369,SZ,创业板50ETF易方达,指数型-股票,A股宽基,宽基,科技（指数）,broad.tech,high,auto_approved,,,1,2023-01-01,eastmoney_fundcode_search
159370,SZ,创50ETF工银,指数型-股票,A股宽基,宽基,科技（指数）,broad.tech,high,auto_approved,,,1,2023-01-01,eastmoney_fundcode_search
159371,SZ,创业板50ETF富国,指数型-股票,A股宽基,宽基,科技（指数）,broad.tech,high,auto_approved,,,1,2023-01-01,eastmoney_fundcode_search
159372,SZ,创业板50ETF万家,指数型-股票,A股宽基,宽基,科技（指数）,broad.tech,high,auto_approved,,,1,2023-01-01,eastmoney_fundcode_search
159373,SZ,创业板50ETF嘉实,指数型-股票,A股宽基,宽基,科技（指数）,broad.tech,high,auto_approved,,,1,2023-01-01,eastmoney_fundcode_search
159375,SZ,创业板50ETF国泰,指数型-股票,A股宽基,宽基,科技（指数）,broad.tech,high,auto_approved,,,1,2023-01-01,eastmoney_fundcode_search
159376,SZ,A500ETF浦银,指数型-股票,A股宽基,宽基,宽基（大盘）,broad.large,high,auto_approved,,,1,2023-01-01,eastmoney_fundcode_search
159377,SZ,创业板医药ETF国泰,指数型-股票,A股宽基,宽基,科技（指数）,broad.tech,high,auto_approved,,,1,2023-01-01,eastmoney_fundcode_search
159378,SZ,通用航空ETF永赢,指数型-股票,A股行业,行业,制造（国防军工）,industry.defense,high,auto_approved,,,1,2023-01-01,eastmoney_fundcode_search
159379,SZ,A500ETF融通,指数型-股票,A股宽基,宽基,宽基（大盘）,broad.large,high,auto_approved,,,1,2023-01-01,eastmoney_fundcode_search
159380,SZ,A500ETF东财,指数型-股票,A股宽基,宽基,宽基（大盘）,broad.large,high,auto_approved,,,1,2023-01-01,eastmoney_fundcode_search
159381,SZ,创业板人工智能ETF华夏,指数型-股票,A股宽基,宽基,科技（指数）,broad.tech,high,auto_approved,,,1,2023-01-01,eastmoney_fundcode_search
159382,SZ,创业板人工智能ETF南方,指数型-股票,A股宽基,宽基,科技（指数）,broad.tech,high,auto_approved,,,1,2023-01-01,eastmoney_fundcode_search
159383,SZ,创业板50ETF华泰柏瑞,指数型-股票,A股宽基,宽基,科技（指数）,broad.tech,high,auto_approved,,,1,2023-01-01,eastmoney_fundcode_search
159385,SZ,数字经济ETF富国,指数型-股票,A股行业,行业,科技（计算机与AI）,industry.computer_ai,high,auto_approved,,,1,2023-01-01,eastmoney_fundcode_search
159386,SZ,A500ETF永赢,指数型-股票,A股宽基,宽基,宽基（大盘）,broad.large,high,auto_approved,,,1,2023-01-01,eastmoney_fundcode_search
159387,SZ,创业板新能源ETF国泰,指数型-股票,A股宽基,宽基,科技（指数）,broad.tech,high,auto_approved,,,1,2023-01-01,eastmoney_fundcode_search
159388,SZ,创业板人工智能ETF国泰,指数型-股票,A股宽基,宽基,科技（指数）,broad.tech,high,auto_approved,,,1,2023-01-01,eastmoney_fundcode_search
159389,SZ,数字经济ETF嘉实,指数型-股票,A股行业,行业,科技（计算机与AI）,industry.computer_ai,high,auto_approved,,,1,2023-01-01,eastmoney_fundcode_search
159390,SZ,中证A50ETF国联,指数型-股票,A股宽基,宽基,宽基（大盘）,broad.large,high,auto_approved,,,1,2023-01-01,eastmoney_fundcode_search
159391,SZ,大盘价值ETF博时,指数型-股票,A股策略,策略,价值,strategy.value,high,auto_approved,,,1,2023-01-01,eastmoney_fundcode_search
159392,SZ,航空ETF富国,指数型-股票,A股行业,行业,制造（国防军工）,industry.defense,high,auto_approved,,,1,2023-01-01,eastmoney_fundcode_search
159393,SZ,沪深300ETF万家,指数型-股票,A股宽基,宽基,宽基（大盘）,broad.large,high,auto_approved,,,1,2023-01-01,eastmoney_fundcode_search
159395,SZ,信用债ETF大成,指数型-固收,债券,债券,信用债,asset.bond,high,auto_approved,,,1,2023-01-01,eastmoney_fundcode_search
159396,SZ,信用债ETF博时,指数型-固收,债券,债券,信用债,asset.bond,high,auto_approved,,,1,2023-01-01,eastmoney_fundcode_search
159397,SZ,信用债ETF广发,指数型-固收,债券,债券,信用债,asset.bond,high,auto_approved,,,1,2023-01-01,eastmoney_fundcode_search
159398,SZ,信用债ETF天弘,指数型-固收,债券,债券,信用债,asset.bond,high,auto_approved,,,1,2023-01-01,eastmoney_fundcode_search
159399,SZ,现金流ETF国泰,指数型-股票,A股策略,策略,质量与现金流,strategy.quality,high,auto_approved,,,1,2023-01-01,eastmoney_fundcode_search
159400,SZ,科创债ETF景顺,指数型-固收,债券,债券,利率债与国债,asset.bond,high,auto_approved,,,1,2023-01-01,eastmoney_fundcode_search
159500,SZ,中证500ETF富国,指数型-股票,A股宽基,宽基,宽基（中盘）,broad.mid,high,auto_approved,,,1,2023-01-01,eastmoney_fundcode_search
159501,SZ,纳指ETF嘉实,指数型-海外股票,跨境权益,QDII,美国,asset.overseas,high,auto_approved,,,1,2023-01-01,eastmoney_fundcode_search
159502,SZ,标普生物科技ETF嘉实,指数型-海外股票,跨境权益,QDII,美国,asset.overseas,high,auto_approved,,,1,2023-01-01,eastmoney_fundcode_search
159505,SZ,国证2000ETF博时,指数型-股票,A股宽基,宽基,宽基（小盘）,broad.small,high,auto_approved,,,1,2023-01-01,eastmoney_fundcode_search
159506,SZ,港股通医疗ETF富国,指数型-股票,跨境权益,QDII,港股,asset.overseas,high,auto_approved,,,1,2023-01-01,eastmoney_fundcode_search
159507,SZ,通信ETF广发,指数型-股票,A股行业,行业,科技（通信）,industry.telecom,high,auto_approved,,,1,2023-01-01,eastmoney_fundcode_search
159508,SZ,生物医药ETF华安,指数型-股票,A股行业,行业,消费（医药生物）,industry.healthcare,high,auto_approved,,,1,2023-01-01,eastmoney_fundcode_search
159509,SZ,纳指科技ETF景顺,指数型-海外股票,跨境权益,QDII,美国,asset.overseas,high,auto_approved,,,1,2023-01-01,eastmoney_fundcode_search
159510,SZ,沪深300价值ETF华夏,指数型-股票,A股宽基,宽基,宽基（大盘）,broad.large,high,auto_approved,,,1,2023-01-01,eastmoney_fundcode_search
159511,SZ,通信ETF南方,指数型-股票,A股行业,行业,科技（通信）,industry.telecom,high,auto_approved,,,1,2023-01-01,eastmoney_fundcode_search
159512,SZ,汽车ETF广发,指数型-股票,A股行业,行业,消费（汽车）,industry.auto,high,auto_approved,,,1,2023-01-01,eastmoney_fundcode_search
159513,SZ,纳斯达克100ETF大成,指数型-海外股票,跨境权益,QDII,美国,asset.overseas,high,auto_approved,,,1,2023-01-01,eastmoney_fundcode_search
159515,SZ,国企红利ETF鹏扬,指数型-股票,A股策略,策略,红利与高股息,strategy.dividend,high,auto_approved,,,1,2023-01-01,eastmoney_fundcode_search
159516,SZ,半导体设备ETF国泰,指数型-股票,A股行业,行业,科技（半导体）,industry.semiconductor,high,auto_approved,,,1,2023-01-01,eastmoney_fundcode_search
159517,SZ,中证800增强ETF银华,指数型-股票,A股宽基,宽基,宽基（综合）,broad.composite,high,auto_approved,,,1,2023-01-01,eastmoney_fundcode_search
159518,SZ,标普油气ETF嘉实,指数型-海外股票,跨境权益,QDII,美国,asset.overseas,high,auto_approved,,,1,2023-01-01,eastmoney_fundcode_search
159519,SZ,港股国企ETF国泰,指数型-海外股票,跨境权益,QDII,港股,asset.overseas,high,auto_approved,,,1,2023-01-01,eastmoney_fundcode_search
159520,SZ,消费龙头ETF工银,指数型-股票,A股宽基,宽基,宽基（大盘）,broad.large,high,auto_approved,,,1,2023-01-01,eastmoney_fundcode_search
159521,SZ,国证2000ETF平安,指数型-股票,A股宽基,宽基,宽基（小盘）,broad.small,high,auto_approved,,,1,2023-01-01,eastmoney_fundcode_search
159523,SZ,沪深300成长ETF华夏,指数型-股票,A股宽基,宽基,宽基（大盘）,broad.large,high,auto_approved,,,1,2023-01-01,eastmoney_fundcode_search
159525,SZ,红利低波ETF富国,指数型-股票,A股策略,策略,红利与高股息,strategy.dividend,high,auto_approved,,,1,2023-01-01,eastmoney_fundcode_search
159526,SZ,机器人ETF嘉实,指数型-股票,A股行业,行业,科技（计算机与AI）,industry.computer_ai,high,auto_approved,,,1,2023-01-01,eastmoney_fundcode_search
159527,SZ,云计算ETF广发,指数型-股票,A股行业,行业,科技（计算机与AI）,industry.computer_ai,high,auto_approved,,,1,2023-01-01,eastmoney_fundcode_search
159528,SZ,国企改革ETF富国,指数型-股票,A股主题,主题,政策与区域主题,theme.policy,high,auto_approved,,,1,2023-01-01,eastmoney_fundcode_search
159529,SZ,标普消费ETF景顺,指数型-海外股票,跨境权益,QDII,美国,asset.overseas,high,auto_approved,,,1,2023-01-01,eastmoney_fundcode_search
159530,SZ,机器人ETF易方达,指数型-股票,A股行业,行业,科技（计算机与AI）,industry.computer_ai,high,auto_approved,,,1,2023-01-01,eastmoney_fundcode_search
159531,SZ,中证2000ETF南方,指数型-股票,A股宽基,宽基,宽基（小盘）,broad.small,high,auto_approved,,,1,2023-01-01,eastmoney_fundcode_search
159532,SZ,中证2000ETF易方达,指数型-股票,A股宽基,宽基,宽基（小盘）,broad.small,high,auto_approved,,,1,2023-01-01,eastmoney_fundcode_search
159533,SZ,中证2000ETF博时,指数型-股票,A股宽基,宽基,宽基（小盘）,broad.small,high,auto_approved,,,1,2023-01-01,eastmoney_fundcode_search
159535,SZ,中证2000ETF嘉实,指数型-股票,A股宽基,宽基,宽基（小盘）,broad.small,high,auto_approved,,,1,2023-01-01,eastmoney_fundcode_search
159536,SZ,中证2000ETF汇添富,指数型-股票,A股宽基,宽基,宽基（小盘）,broad.small,high,auto_approved,,,1,2023-01-01,eastmoney_fundcode_search
159537,SZ,信创ETF国泰,指数型-股票,A股行业,行业,科技（计算机与AI）,industry.computer_ai,high,auto_approved,,,1,2023-01-01,eastmoney_fundcode_search
159538,SZ,信创ETF富国,指数型-股票,A股行业,行业,科技（计算机与AI）,industry.computer_ai,high,auto_approved,,,1,2023-01-01,eastmoney_fundcode_search
159539,SZ,信创ETF广发,指数型-股票,A股行业,行业,科技（计算机与AI）,industry.computer_ai,high,auto_approved,,,1,2023-01-01,eastmoney_fundcode_search
159540,SZ,信创ETF易方达,指数型-股票,A股行业,行业,科技（计算机与AI）,industry.computer_ai,high,auto_approved,,,1,2023-01-01,eastmoney_fundcode_search
159541,SZ,创业板综ETF万家,指数型-股票,A股宽基,宽基,科技（指数）,broad.tech,high,auto_approved,,,1,2023-01-01,eastmoney_fundcode_search
159542,SZ,工程机械ETF大成,指数型-股票,A股行业,行业,制造（机械与高端制造）,industry.manufacturing,high,auto_approved,,,1,2023-01-01,eastmoney_fundcode_search
159543,SZ,国证2000ETF工银,指数型-股票,A股宽基,宽基,宽基（小盘）,broad.small,high,auto_approved,,,1,2023-01-01,eastmoney_fundcode_search
159545,SZ,恒生红利低波ETF易方达,指数型-股票,跨境权益,QDII,港股,asset.overseas,high,auto_approved,,,1,2023-01-01,eastmoney_fundcode_search
159546,SZ,集成电路ETF国泰,指数型-股票,A股行业,行业,科技（半导体）,industry.semiconductor,high,auto_approved,,,1,2023-01-01,eastmoney_fundcode_search
159547,SZ,红利低波ETF华夏,指数型-股票,A股策略,策略,红利与高股息,strategy.dividend,high,auto_approved,,,1,2023-01-01,eastmoney_fundcode_search
159549,SZ,红利低波ETF天弘,指数型-股票,A股策略,策略,红利与高股息,strategy.dividend,high,auto_approved,,,1,2023-01-01,eastmoney_fundcode_search
159550,SZ,互联网ETF东财,指数型-股票,A股行业,行业,科技（计算机与AI）,industry.computer_ai,high,auto_approved,,,1,2023-01-01,eastmoney_fundcode_search
159551,SZ,机器人ETF国泰,指数型-股票,A股行业,行业,科技（计算机与AI）,industry.computer_ai,high,auto_approved,,,1,2023-01-01,eastmoney_fundcode_search
159552,SZ,中证2000增强ETF招商,指数型-股票,A股宽基,宽基,宽基（小盘）,broad.small,high,auto_approved,,,1,2023-01-01,eastmoney_fundcode_search
159553,SZ,中证2000增强ETF海富通,指数型-股票,A股宽基,宽基,宽基（小盘）,broad.small,high,auto_approved,,,1,2023-01-01,eastmoney_fundcode_search
159555,SZ,中证2000增强ETF银华,指数型-股票,A股宽基,宽基,宽基（小盘）,broad.small,high,auto_approved,,,1,2023-01-01,eastmoney_fundcode_search
159556,SZ,中证2000增强ETF平安,指数型-股票,A股宽基,宽基,宽基（小盘）,broad.small,high,auto_approved,,,1,2023-01-01,eastmoney_fundcode_search
159557,SZ,恒生医疗ETF嘉实,指数型-海外股票,跨境权益,QDII,港股,asset.overseas,high,auto_approved,,,1,2023-01-01,eastmoney_fundcode_search
159558,SZ,半导体设备ETF易方达,指数型-股票,A股行业,行业,科技（半导体）,industry.semiconductor,high,auto_approved,,,1,2023-01-01,eastmoney_fundcode_search
159559,SZ,机器人ETF景顺,指数型-股票,A股行业,行业,科技（计算机与AI）,industry.computer_ai,high,auto_approved,,,1,2023-01-01,eastmoney_fundcode_search
159560,SZ,芯片ETF景顺,指数型-股票,A股行业,行业,科技（半导体）,industry.semiconductor,high,auto_approved,,,1,2023-01-01,eastmoney_fundcode_search
159561,SZ,德国ETF嘉实,指数型-海外股票,跨境权益,QDII,欧洲,asset.overseas,high,auto_approved,,,1,2023-01-01,eastmoney_fundcode_search
159562,SZ,黄金股ETF华夏,指数型-股票,A股行业,行业,周期（有色金属）,industry.metals,high,auto_approved,,,1,2023-01-01,eastmoney_fundcode_search
159563,SZ,创业板综ETF华夏,指数型-股票,A股宽基,宽基,科技（指数）,broad.tech,high,auto_approved,,,1,2023-01-01,eastmoney_fundcode_search
159565,SZ,汽车零部件ETF易方达,指数型-股票,A股行业,行业,消费（汽车）,industry.auto,high,auto_approved,,,1,2023-01-01,eastmoney_fundcode_search
159566,SZ,储能电池ETF易方达,指数型-股票,A股行业,行业,制造（新能源）,industry.new_energy,high,auto_approved,,,1,2023-01-01,eastmoney_fundcode_search
159567,SZ,港股创新药ETF银华,指数型-股票,跨境权益,QDII,港股,asset.overseas,high,auto_approved,,,1,2023-01-01,eastmoney_fundcode_search
159568,SZ,港股互联网ETF博时,指数型-股票,跨境权益,QDII,港股,asset.overseas,high,auto_approved,,,1,2023-01-01,eastmoney_fundcode_search
159569,SZ,港股红利低波ETF景顺,指数型-股票,跨境权益,QDII,港股,asset.overseas,high,auto_approved,,,1,2023-01-01,eastmoney_fundcode_search
159570,SZ,港股通创新药ETF汇添富,指数型-股票,跨境权益,QDII,港股,asset.overseas,high,auto_approved,,,1,2023-01-01,eastmoney_fundcode_search
159571,SZ,创业板200ETF富国,指数型-股票,A股宽基,宽基,科技（指数）,broad.tech,high,auto_approved,,,1,2023-01-01,eastmoney_fundcode_search
159572,SZ,创业板200ETF易方达,指数型-股票,A股宽基,宽基,科技（指数）,broad.tech,high,auto_approved,,,1,2023-01-01,eastmoney_fundcode_search
159573,SZ,创业板200ETF华夏,指数型-股票,A股宽基,宽基,科技（指数）,broad.tech,high,auto_approved,,,1,2023-01-01,eastmoney_fundcode_search
159575,SZ,创业板200ETF银华,指数型-股票,A股宽基,宽基,科技（指数）,broad.tech,high,auto_approved,,,1,2023-01-01,eastmoney_fundcode_search
159576,SZ,深证100ETF广发,指数型-股票,A股宽基,宽基,宽基（大盘）,broad.large,high,auto_approved,,,1,2023-01-01,eastmoney_fundcode_search
159577,SZ,美国50ETF汇添富,指数型-海外股票,跨境权益,QDII,美国,asset.overseas,high,auto_approved,,,1,2023-01-01,eastmoney_fundcode_search
159578,SZ,深证主板50ETF南方,指数型-股票,A股宽基,宽基,宽基（大盘）,broad.large,high,auto_approved,,,1,2023-01-01,eastmoney_fundcode_search
159581,SZ,红利ETF万家,指数型-股票,A股策略,策略,红利与高股息,strategy.dividend,high,auto_approved,,,1,2023-01-01,eastmoney_fundcode_search
159582,SZ,半导体ETF博时,指数型-股票,A股行业,行业,科技（半导体）,industry.semiconductor,high,auto_approved,,,1,2023-01-01,eastmoney_fundcode_search
159583,SZ,通信ETF富国,指数型-股票,A股行业,行业,科技（通信）,industry.telecom,high,auto_approved,,,1,2023-01-01,eastmoney_fundcode_search
159586,SZ,计算机ETF南方,指数型-股票,A股行业,行业,科技（计算机与AI）,industry.computer_ai,high,auto_approved,,,1,2023-01-01,eastmoney_fundcode_search
159587,SZ,粮食ETF广发,指数型-股票,A股行业,行业,消费（农林牧渔）,industry.agriculture,high,auto_approved,,,1,2023-01-01,eastmoney_fundcode_search
159588,SZ,石油ETF景顺,指数型-股票,A股行业,行业,周期（能源）,industry.energy,high,auto_approved,,,1,2023-01-01,eastmoney_fundcode_search
159589,SZ,红利ETF广发,指数型-股票,A股策略,策略,红利与高股息,strategy.dividend,high,auto_approved,,,1,2023-01-01,eastmoney_fundcode_search
159590,SZ,软件ETF汇添富,指数型-股票,A股行业,行业,科技（计算机与AI）,industry.computer_ai,high,auto_approved,,,1,2023-01-01,eastmoney_fundcode_search
159591,SZ,A50ETF富国,指数型-股票,A股宽基,宽基,宽基（大盘）,broad.large,high,auto_approved,,,1,2023-01-01,eastmoney_fundcode_search
159592,SZ,A50ETF银华,指数型-股票,A股宽基,宽基,宽基（大盘）,broad.large,high,auto_approved,,,1,2023-01-01,eastmoney_fundcode_search
159593,SZ,中证A50ETF平安,指数型-股票,A股宽基,宽基,宽基（大盘）,broad.large,high,auto_approved,,,1,2023-01-01,eastmoney_fundcode_search
159595,SZ,中证A50ETF大成,指数型-股票,A股宽基,宽基,宽基（大盘）,broad.large,high,auto_approved,,,1,2023-01-01,eastmoney_fundcode_search
159596,SZ,A50ETF华宝,指数型-股票,A股宽基,宽基,宽基（大盘）,broad.large,high,auto_approved,,,1,2023-01-01,eastmoney_fundcode_search
159597,SZ,创业板成长ETF易方达,指数型-股票,A股宽基,宽基,科技（指数）,broad.tech,high,auto_approved,,,1,2023-01-01,eastmoney_fundcode_search
159599,SZ,芯片ETF东财,指数型-股票,A股行业,行业,科技（半导体）,industry.semiconductor,high,auto_approved,,,1,2023-01-01,eastmoney_fundcode_search
159600,SZ,科创债ETF嘉实,指数型-固收,债券,债券,利率债与国债,asset.bond,high,auto_approved,,,1,2023-01-01,eastmoney_fundcode_search
159601,SZ,A50ETF华夏,指数型-股票,A股宽基,宽基,宽基（大盘）,broad.large,high,auto_approved,,,1,2023-01-01,eastmoney_fundcode_search
159602,SZ,中国A50ETF南方,指数型-股票,A股宽基,宽基,宽基（大盘）,broad.large,high,auto_approved,,,1,2023-01-01,eastmoney_fundcode_search
159603,SZ,科创创业ETF天弘,指数型-股票,A股宽基,宽基,科技（指数）,broad.tech,high,auto_approved,,,1,2023-01-01,eastmoney_fundcode_search
159605,SZ,中概互联ETF广发,指数型-海外股票,跨境权益,QDII,港股,asset.overseas,high,auto_approved,,,1,2023-01-01,eastmoney_fundcode_search
159606,SZ,中证500成长ETF易方达,指数型-股票,A股宽基,宽基,宽基（中盘）,broad.mid,high,auto_approved,,,1,2023-01-01,eastmoney_fundcode_search
159607,SZ,中概互联网ETF嘉实,指数型-海外股票,跨境权益,QDII,港股,asset.overseas,high,auto_approved,,,1,2023-01-01,eastmoney_fundcode_search
159608,SZ,稀有金属ETF广发,指数型-股票,A股行业,行业,周期（有色金属）,industry.metals,high,auto_approved,,,1,2023-01-01,eastmoney_fundcode_search
159609,SZ,光伏ETF浦银,指数型-股票,A股行业,行业,制造（新能源）,industry.new_energy,high,auto_approved,,,1,2023-01-01,eastmoney_fundcode_search
159610,SZ,中证500增强ETF景顺,指数型-股票,A股宽基,宽基,宽基（中盘）,broad.mid,high,auto_approved,,,1,2023-01-01,eastmoney_fundcode_search
159611,SZ,电力ETF广发,指数型-股票,A股行业,行业,公用事业与环保,industry.utility,high,auto_approved,,,1,2023-01-01,eastmoney_fundcode_search
159612,SZ,标普500ETF国泰,指数型-海外股票,跨境权益,QDII,美国,asset.overseas,high,auto_approved,,,1,2023-01-01,eastmoney_fundcode_search
159613,SZ,信息安全ETF嘉实,指数型-股票,A股行业,行业,科技（计算机与AI）,industry.computer_ai,high,auto_approved,,,1,2023-01-01,eastmoney_fundcode_search
159615,SZ,恒生生物科技ETF南方,指数型-海外股票,跨境权益,QDII,港股,asset.overseas,high,auto_approved,,,1,2023-01-01,eastmoney_fundcode_search
159616,SZ,农牧ETF建信,指数型-股票,A股行业,行业,消费（农林牧渔）,industry.agriculture,high,auto_approved,,,1,2023-01-01,eastmoney_fundcode_search
159617,SZ,中证500价值ETF华夏,指数型-股票,A股宽基,宽基,宽基（中盘）,broad.mid,high,auto_approved,,,1,2023-01-01,eastmoney_fundcode_search
159618,SZ,光伏ETF华安,指数型-股票,A股行业,行业,制造（新能源）,industry.new_energy,high,auto_approved,,,1,2023-01-01,eastmoney_fundcode_search
159619,SZ,基建ETF国泰,指数型-股票,A股行业,行业,建筑建材,industry.construction,high,auto_approved,,,1,2023-01-01,eastmoney_fundcode_search
159620,SZ,中证500成长ETF华夏,指数型-股票,A股宽基,宽基,宽基（中盘）,broad.mid,high,auto_approved,,,1,2023-01-01,eastmoney_fundcode_search
159621,SZ,ESGETF国泰,指数型-股票,A股策略,策略,ESG,strategy.esg,high,auto_approved,,,1,2023-01-01,eastmoney_fundcode_search
159622,SZ,创新药ETF东财,指数型-股票,A股行业,行业,消费（医药生物）,industry.healthcare,high,auto_approved,,,1,2023-01-01,eastmoney_fundcode_search
159623,SZ,成渝经济圈ETF博时,指数型-股票,A股主题,主题,政策与区域主题,theme.policy,high,auto_approved,,,1,2023-01-01,eastmoney_fundcode_search
159625,SZ,绿色电力ETF嘉实,指数型-股票,A股行业,行业,公用事业与环保,industry.utility,high,auto_approved,,,1,2023-01-01,eastmoney_fundcode_search
159627,SZ,A100ETF华夏,指数型-股票,A股宽基,宽基,宽基（大盘）,broad.large,high,auto_approved,,,1,2023-01-01,eastmoney_fundcode_search
159628,SZ,国证2000ETF万家,指数型-股票,A股宽基,宽基,宽基（小盘）,broad.small,high,auto_approved,,,1,2023-01-01,eastmoney_fundcode_search
159629,SZ,中证1000ETF富国,指数型-股票,A股宽基,宽基,宽基（小盘）,broad.small,high,auto_approved,,,1,2023-01-01,eastmoney_fundcode_search
159630,SZ,A100ETF汇添富,指数型-股票,A股宽基,宽基,宽基（大盘）,broad.large,high,auto_approved,,,1,2023-01-01,eastmoney_fundcode_search
159631,SZ,A100ETF招商,指数型-股票,A股宽基,宽基,宽基（大盘）,broad.large,high,auto_approved,,,1,2023-01-01,eastmoney_fundcode_search
159632,SZ,纳斯达克ETF华安,指数型-海外股票,跨境权益,QDII,美国,asset.overseas,high,auto_approved,,,1,2023-01-01,eastmoney_fundcode_search
159633,SZ,中证1000ETF易方达,指数型-股票,A股宽基,宽基,宽基（小盘）,broad.small,high,auto_approved,,,1,2023-01-01,eastmoney_fundcode_search
159635,SZ,基建ETF华夏,指数型-股票,A股行业,行业,建筑建材,industry.construction,high,auto_approved,,,1,2023-01-01,eastmoney_fundcode_search
159636,SZ,港股通科技30ETF工银,指数型-股票,跨境权益,QDII,港股,asset.overseas,high,auto_approved,,,1,2023-01-01,eastmoney_fundcode_search
159637,SZ,新能源车ETF东财,指数型-股票,A股行业,行业,消费（汽车）,industry.auto,high,auto_approved,,,1,2023-01-01,eastmoney_fundcode_search
159638,SZ,高端装备ETF嘉实,指数型-股票,A股行业,行业,制造（机械与高端制造）,industry.manufacturing,high,auto_approved,,,1,2023-01-01,eastmoney_fundcode_search
159639,SZ,碳中和ETF南方,指数型-股票,A股行业,行业,公用事业与环保,industry.utility,high,auto_approved,,,1,2023-01-01,eastmoney_fundcode_search
159640,SZ,碳中和龙头ETF工银,指数型-股票,A股宽基,宽基,宽基（大盘）,broad.large,high,auto_approved,,,1,2023-01-01,eastmoney_fundcode_search
159641,SZ,碳中和ETF招商,指数型-股票,A股行业,行业,公用事业与环保,industry.utility,high,auto_approved,,,1,2023-01-01,eastmoney_fundcode_search
159642,SZ,碳中和ETF大成,指数型-股票,A股行业,行业,公用事业与环保,industry.utility,high,auto_approved,,,1,2023-01-01,eastmoney_fundcode_search
159643,SZ,疫苗ETF国泰,指数型-股票,A股行业,行业,消费（医药生物）,industry.healthcare,high,auto_approved,,,1,2023-01-01,eastmoney_fundcode_search
159645,SZ,疫苗ETF富国,指数型-股票,A股行业,行业,消费（医药生物）,industry.healthcare,high,auto_approved,,,1,2023-01-01,eastmoney_fundcode_search
159647,SZ,中药ETF鹏华,指数型-股票,A股行业,行业,消费（医药生物）,industry.healthcare,high,auto_approved,,,1,2023-01-01,eastmoney_fundcode_search
159649,SZ,国开债ETF华安,指数型-固收,债券,债券,利率债与国债,asset.bond,high,auto_approved,,,1,2023-01-01,eastmoney_fundcode_search
159650,SZ,国开债ETF博时,指数型-固收,债券,债券,利率债与国债,asset.bond,high,auto_approved,,,1,2023-01-01,eastmoney_fundcode_search
159651,SZ,国开债ETF平安,指数型-固收,债券,债券,利率债与国债,asset.bond,high,auto_approved,,,1,2023-01-01,eastmoney_fundcode_search
159652,SZ,有色ETF汇添富,指数型-股票,A股行业,行业,周期（有色金属）,industry.metals,high,auto_approved,,,1,2023-01-01,eastmoney_fundcode_search
159653,SZ,ESG300ETF国联安,指数型-股票,A股策略,策略,ESG,strategy.esg,high,auto_approved,,,1,2023-01-01,eastmoney_fundcode_search
159655,SZ,标普500ETF华夏,指数型-海外股票,跨境权益,QDII,美国,asset.overseas,high,auto_approved,,,1,2023-01-01,eastmoney_fundcode_search
159656,SZ,沪深300成长ETF万家,指数型-股票,A股宽基,宽基,宽基（大盘）,broad.large,high,auto_approved,,,1,2023-01-01,eastmoney_fundcode_search
159657,SZ,疫苗ETF鹏华,指数型-股票,A股行业,行业,消费（医药生物）,industry.healthcare,high,auto_approved,,,1,2023-01-01,eastmoney_fundcode_search
159658,SZ,数字经济ETF华安,指数型-股票,A股行业,行业,科技（计算机与AI）,industry.computer_ai,high,auto_approved,,,1,2023-01-01,eastmoney_fundcode_search
159659,SZ,纳斯达克100ETF招商,指数型-海外股票,跨境权益,QDII,美国,asset.overseas,high,auto_approved,,,1,2023-01-01,eastmoney_fundcode_search
159660,SZ,纳指ETF汇添富,指数型-海外股票,跨境权益,QDII,美国,asset.overseas,high,auto_approved,,,1,2023-01-01,eastmoney_fundcode_search
159661,SZ,A100ETF嘉实,指数型-股票,A股宽基,宽基,宽基（大盘）,broad.large,high,auto_approved,,,1,2023-01-01,eastmoney_fundcode_search
159662,SZ,交运ETF南方,指数型-股票,A股行业,行业,交通运输,industry.transport,high,auto_approved,,,1,2023-01-01,eastmoney_fundcode_search
159663,SZ,机床ETF华夏,指数型-股票,A股行业,行业,制造（机械与高端制造）,industry.manufacturing,high,auto_approved,,,1,2023-01-01,eastmoney_fundcode_search
159665,SZ,半导体龙头ETF工银,指数型-股票,A股宽基,宽基,宽基（大盘）,broad.large,high,auto_approved,,,1,2023-01-01,eastmoney_fundcode_search
159666,SZ,交通运输ETF华夏,指数型-股票,A股行业,行业,交通运输,industry.transport,high,auto_approved,,,1,2023-01-01,eastmoney_fundcode_search
159667,SZ,工业母机ETF国泰,指数型-股票,A股行业,行业,制造（机械与高端制造）,industry.manufacturing,high,auto_approved,,,1,2023-01-01,eastmoney_fundcode_search
159669,SZ,绿色电力ETF国泰,指数型-股票,A股行业,行业,公用事业与环保,industry.utility,high,auto_approved,,,1,2023-01-01,eastmoney_fundcode_search
159670,SZ,消费50ETF国联安,指数型-股票,A股行业,行业,消费（食品饮料）,industry.consumer,high,auto_approved,,,1,2023-01-01,eastmoney_fundcode_search
159671,SZ,稀有金属ETF工银,指数型-股票,A股行业,行业,周期（有色金属）,industry.metals,high,auto_approved,,,1,2023-01-01,eastmoney_fundcode_search
159672,SZ,消费ETF博时,指数型-股票,A股行业,行业,消费（食品饮料）,industry.consumer,high,auto_approved,,,1,2023-01-01,eastmoney_fundcode_search
159673,SZ,沪深300ETF鹏华,指数型-股票,A股宽基,宽基,宽基（大盘）,broad.large,high,auto_approved,,,1,2023-01-01,eastmoney_fundcode_search
159675,SZ,创业板增强ETF嘉实,指数型-股票,A股宽基,宽基,科技（指数）,broad.tech,high,auto_approved,,,1,2023-01-01,eastmoney_fundcode_search
159676,SZ,创业板增强ETF富国,指数型-股票,A股宽基,宽基,科技（指数）,broad.tech,high,auto_approved,,,1,2023-01-01,eastmoney_fundcode_search
159677,SZ,中证1000增强ETF银华,指数型-股票,A股宽基,宽基,宽基（小盘）,broad.small,high,auto_approved,,,1,2023-01-01,eastmoney_fundcode_search
159678,SZ,500增强ETF博时,指数型-股票,A股宽基,宽基,宽基（中盘）,broad.mid,high,auto_approved,,,1,2023-01-01,eastmoney_fundcode_search
159679,SZ,中证1000增强ETF国泰,指数型-股票,A股宽基,宽基,宽基（小盘）,broad.small,high,auto_approved,,,1,2023-01-01,eastmoney_fundcode_search
159680,SZ,中证1000增强ETF招商,指数型-股票,A股宽基,宽基,宽基（小盘）,broad.small,high,auto_approved,,,1,2023-01-01,eastmoney_fundcode_search
159681,SZ,创业板50ETF鹏华,指数型-股票,A股宽基,宽基,科技（指数）,broad.tech,high,auto_approved,,,1,2023-01-01,eastmoney_fundcode_search
159682,SZ,创业板50ETF景顺,指数型-股票,A股宽基,宽基,科技（指数）,broad.tech,high,auto_approved,,,1,2023-01-01,eastmoney_fundcode_search
159685,SZ,1000增强ETF天弘,指数型-股票,A股宽基,宽基,宽基（小盘）,broad.small,high,auto_approved,,,1,2023-01-01,eastmoney_fundcode_search
159686,SZ,A100ETF易方达,指数型-股票,A股宽基,宽基,宽基（大盘）,broad.large,high,auto_approved,,,1,2023-01-01,eastmoney_fundcode_search
159687,SZ,亚太精选ETF南方,指数型-海外股票,跨境权益,QDII,全球及其他,asset.overseas,high,auto_approved,,,1,2023-01-01,eastmoney_fundcode_search
159688,SZ,恒生互联网ETF华安,指数型-海外股票,跨境权益,QDII,港股,asset.overseas,high,auto_approved,,,1,2023-01-01,eastmoney_fundcode_search
159689,SZ,消费ETF南方,指数型-股票,A股行业,行业,消费（食品饮料）,industry.consumer,high,auto_approved,,,1,2023-01-01,eastmoney_fundcode_search
159690,SZ,有色矿业ETF招商,指数型-股票,A股行业,行业,周期（有色金属）,industry.metals,high,auto_approved,,,1,2023-01-01,eastmoney_fundcode_search
159691,SZ,港股红利ETF工银,指数型-股票,跨境权益,QDII,港股,asset.overseas,high,auto_approved,,,1,2023-01-01,eastmoney_fundcode_search
159692,SZ,证券ETF东财,指数型-股票,A股行业,行业,金融地产（证券）,industry.broker,high,auto_approved,,,1,2023-01-01,eastmoney_fundcode_search
159695,SZ,通信ETF嘉实,指数型-股票,A股行业,行业,科技（通信）,industry.telecom,high,auto_approved,,,1,2023-01-01,eastmoney_fundcode_search
159696,SZ,纳指ETF易方达,指数型-海外股票,跨境权益,QDII,美国,asset.overseas,high,auto_approved,,,1,2023-01-01,eastmoney_fundcode_search
159697,SZ,石油ETF鹏华,指数型-股票,A股行业,行业,周期（能源）,industry.energy,high,auto_approved,,,1,2023-01-01,eastmoney_fundcode_search
159698,SZ,粮食ETF鹏华,指数型-股票,A股行业,行业,消费（农林牧渔）,industry.agriculture,high,auto_approved,,,1,2023-01-01,eastmoney_fundcode_search
159699,SZ,恒生消费ETF广发,指数型-海外股票,跨境权益,QDII,港股,asset.overseas,high,auto_approved,,,1,2023-01-01,eastmoney_fundcode_search
159700,SZ,科创债ETF南方,指数型-固收,债券,债券,利率债与国债,asset.bond,high,auto_approved,,,1,2023-01-01,eastmoney_fundcode_search
159701,SZ,物联网ETF招商,指数型-股票,A股行业,行业,科技（计算机与AI）,industry.computer_ai,high,auto_approved,,,1,2023-01-01,eastmoney_fundcode_search
159703,SZ,新材料ETF天弘,指数型-股票,A股行业,行业,周期（化工与材料）,industry.chemical,high,auto_approved,,,1,2023-01-01,eastmoney_fundcode_search
159706,SZ,深证100ETF华安,指数型-股票,A股宽基,宽基,宽基（大盘）,broad.large,high,auto_approved,,,1,2023-01-01,eastmoney_fundcode_search
159707,SZ,地产ETF华宝,指数型-股票,A股行业,行业,金融地产（综合）,industry.finance_property,high,auto_approved,,,1,2023-01-01,eastmoney_fundcode_search
159708,SZ,红利ETF西部利得,指数型-股票,A股策略,策略,红利与高股息,strategy.dividend,high,auto_approved,,,1,2023-01-01,eastmoney_fundcode_search
159709,SZ,物联网ETF工银,指数型-股票,A股行业,行业,科技（计算机与AI）,industry.computer_ai,high,auto_approved,,,1,2023-01-01,eastmoney_fundcode_search
159711,SZ,港股通50ETF华夏,指数型-股票,跨境权益,QDII,港股,asset.overseas,high,auto_approved,,,1,2023-01-01,eastmoney_fundcode_search
159712,SZ,港股通50ETF国泰,指数型-股票,跨境权益,QDII,港股,asset.overseas,high,auto_approved,,,1,2023-01-01,eastmoney_fundcode_search
159713,SZ,稀土ETF富国,指数型-股票,A股行业,行业,周期（有色金属）,industry.metals,high,auto_approved,,,1,2023-01-01,eastmoney_fundcode_search
159715,SZ,稀土ETF易方达,指数型-股票,A股行业,行业,周期（有色金属）,industry.metals,high,auto_approved,,,1,2023-01-01,eastmoney_fundcode_search
159716,SZ,深证100ETF华宝,指数型-股票,A股宽基,宽基,宽基（大盘）,broad.large,high,auto_approved,,,1,2023-01-01,eastmoney_fundcode_search
159717,SZ,ESGETF鹏华,指数型-股票,A股策略,策略,ESG,strategy.esg,high,auto_approved,,,1,2023-01-01,eastmoney_fundcode_search
159718,SZ,港股医药ETF平安,指数型-股票,跨境权益,QDII,港股,asset.overseas,high,auto_approved,,,1,2023-01-01,eastmoney_fundcode_search
159719,SZ,国企ETF平安,指数型-股票,A股主题,主题,政策与区域主题,theme.policy,high,auto_approved,,,1,2023-01-01,eastmoney_fundcode_search
159720,SZ,智能车ETF泰康,指数型-股票,A股行业,行业,消费（汽车）,industry.auto,high,auto_approved,,,1,2023-01-01,eastmoney_fundcode_search
159721,SZ,深证100ETF永赢,指数型-股票,A股宽基,宽基,宽基（大盘）,broad.large,high,auto_approved,,,1,2023-01-01,eastmoney_fundcode_search
159723,SZ,科技龙头ETF汇添富,指数型-股票,A股宽基,宽基,宽基（大盘）,broad.large,high,auto_approved,,,1,2023-01-01,eastmoney_fundcode_search
159725,SZ,线上消费ETF工银,指数型-股票,A股行业,行业,消费（食品饮料）,industry.consumer,high,auto_approved,,,1,2023-01-01,eastmoney_fundcode_search
159726,SZ,港股通高股息ETF华夏,指数型-股票,跨境权益,QDII,港股,asset.overseas,high,auto_approved,,,1,2023-01-01,eastmoney_fundcode_search
159728,SZ,在线消费ETF南方,指数型-股票,A股行业,行业,消费（食品饮料）,industry.consumer,high,auto_approved,,,1,2023-01-01,eastmoney_fundcode_search
159729,SZ,互联网ETF汇添富,指数型-股票,A股行业,行业,科技（计算机与AI）,industry.computer_ai,high,auto_approved,,,1,2023-01-01,eastmoney_fundcode_search
159730,SZ,家电ETF博时,指数型-股票,A股行业,行业,消费（家电）,industry.appliance,high,auto_approved,,,1,2023-01-01,eastmoney_fundcode_search
159731,SZ,石化ETF华夏,指数型-股票,A股行业,行业,周期（能源）,industry.energy,high,auto_approved,,,1,2023-01-01,eastmoney_fundcode_search
159732,SZ,消费电子ETF华夏,指数型-股票,A股行业,行业,科技（电子）,industry.electronics,high,auto_approved,,,1,2023-01-01,eastmoney_fundcode_search
159735,SZ,港股消费ETF银华,指数型-股票,跨境权益,QDII,港股,asset.overseas,high,auto_approved,,,1,2023-01-01,eastmoney_fundcode_search
159736,SZ,食品饮料ETF天弘,指数型-股票,A股行业,行业,消费（食品饮料）,industry.consumer,high,auto_approved,,,1,2023-01-01,eastmoney_fundcode_search
159738,SZ,云计算ETF华泰柏瑞,指数型-股票,A股行业,行业,科技（计算机与AI）,industry.computer_ai,high,auto_approved,,,1,2023-01-01,eastmoney_fundcode_search
159739,SZ,云计算ETF鹏华,指数型-股票,A股行业,行业,科技（计算机与AI）,industry.computer_ai,high,auto_approved,,,1,2023-01-01,eastmoney_fundcode_search
159740,SZ,恒生科技ETF大成,指数型-海外股票,跨境权益,QDII,港股,asset.overseas,high,auto_approved,,,1,2023-01-01,eastmoney_fundcode_search
159741,SZ,恒生科技ETF嘉实,指数型-海外股票,跨境权益,QDII,港股,asset.overseas,high,auto_approved,,,1,2023-01-01,eastmoney_fundcode_search
159742,SZ,恒生科技ETF博时,指数型-海外股票,跨境权益,QDII,港股,asset.overseas,high,auto_approved,,,1,2023-01-01,eastmoney_fundcode_search
159743,SZ,湖北ETF博时,指数型-股票,A股主题,主题,政策与区域主题,theme.policy,high,auto_approved,,,1,2023-01-01,eastmoney_fundcode_search
159745,SZ,建材ETF国泰,指数型-股票,A股行业,行业,建筑建材,industry.construction,high,auto_approved,,,1,2023-01-01,eastmoney_fundcode_search
159747,SZ,香港科技ETF南方,指数型-海外股票,跨境权益,QDII,港股,asset.overseas,high,auto_approved,,,1,2023-01-01,eastmoney_fundcode_search
159748,SZ,创新药ETF富国,指数型-股票,A股行业,行业,消费（医药生物）,industry.healthcare,high,auto_approved,,,1,2023-01-01,eastmoney_fundcode_search
159750,SZ,港股科技50ETF招商,指数型-海外股票,跨境权益,QDII,港股,asset.overseas,high,auto_approved,,,1,2023-01-01,eastmoney_fundcode_search
159751,SZ,港股通科技ETF鹏华,指数型-股票,跨境权益,QDII,港股,asset.overseas,high,auto_approved,,,1,2023-01-01,eastmoney_fundcode_search
159752,SZ,新能源ETF申万菱信,指数型-股票,A股行业,行业,制造（新能源）,industry.new_energy,high,auto_approved,,,1,2023-01-01,eastmoney_fundcode_search
159755,SZ,电池ETF广发,指数型-股票,A股行业,行业,制造（新能源）,industry.new_energy,high,auto_approved,,,1,2023-01-01,eastmoney_fundcode_search
159757,SZ,电池ETF景顺,指数型-股票,A股行业,行业,制造（新能源）,industry.new_energy,high,auto_approved,,,1,2023-01-01,eastmoney_fundcode_search
159758,SZ,红利质量ETF华夏,指数型-股票,A股策略,策略,红利与高股息,strategy.dividend,high,auto_approved,,,1,2023-01-01,eastmoney_fundcode_search
159760,SZ,医疗健康ETF泰康,指数型-股票,A股行业,行业,消费（医药生物）,industry.healthcare,high,auto_approved,,,1,2023-01-01,eastmoney_fundcode_search
159761,SZ,新材料ETF国泰,指数型-股票,A股行业,行业,周期（化工与材料）,industry.chemical,high,auto_approved,,,1,2023-01-01,eastmoney_fundcode_search
159763,SZ,新材料ETF建信,指数型-股票,A股行业,行业,周期（化工与材料）,industry.chemical,high,auto_approved,,,1,2023-01-01,eastmoney_fundcode_search
159766,SZ,旅游ETF富国,指数型-股票,A股行业,行业,消费（服务与传媒）,industry.services_media,high,auto_approved,,,1,2023-01-01,eastmoney_fundcode_search
159767,SZ,电池龙头ETF兴银,指数型-股票,A股宽基,宽基,宽基（大盘）,broad.large,high,auto_approved,,,1,2023-01-01,eastmoney_fundcode_search
159768,SZ,房地产ETF银华,指数型-股票,A股行业,行业,金融地产（综合）,industry.finance_property,high,auto_approved,,,1,2023-01-01,eastmoney_fundcode_search
159770,SZ,机器人ETF天弘,指数型-股票,A股行业,行业,科技（计算机与AI）,industry.computer_ai,high,auto_approved,,,1,2023-01-01,eastmoney_fundcode_search
159773,SZ,创业板科技ETF华泰柏瑞,指数型-股票,A股宽基,宽基,科技（指数）,broad.tech,high,auto_approved,,,1,2023-01-01,eastmoney_fundcode_search
159775,SZ,电池ETF建信,指数型-股票,A股行业,行业,制造（新能源）,industry.new_energy,high,auto_approved,,,1,2023-01-01,eastmoney_fundcode_search
159776,SZ,港股医药ETF银华,指数型-股票,跨境权益,QDII,港股,asset.overseas,high,auto_approved,,,1,2023-01-01,eastmoney_fundcode_search
159777,SZ,创科技ETF国联安,指数型-股票,A股宽基,宽基,科技（指数）,broad.tech,high,auto_approved,,,1,2023-01-01,eastmoney_fundcode_search
159778,SZ,工业互联网ETF鹏华,指数型-股票,A股行业,行业,科技（计算机与AI）,industry.computer_ai,high,auto_approved,,,1,2023-01-01,eastmoney_fundcode_search
159779,SZ,消费电子ETF招商,指数型-股票,A股行业,行业,科技（电子）,industry.electronics,high,auto_approved,,,1,2023-01-01,eastmoney_fundcode_search
159780,SZ,科创创业50ETF南方,指数型-股票,A股宽基,宽基,科技（指数）,broad.tech,high,auto_approved,,,1,2023-01-01,eastmoney_fundcode_search
159781,SZ,科创创业ETF易方达,指数型-股票,A股宽基,宽基,科技（指数）,broad.tech,high,auto_approved,,,1,2023-01-01,eastmoney_fundcode_search
159782,SZ,双创50ETF银华,指数型-股票,A股宽基,宽基,科技（指数）,broad.tech,high,auto_approved,,,1,2023-01-01,eastmoney_fundcode_search
159783,SZ,科创创业50ETF华夏,指数型-股票,A股宽基,宽基,科技（指数）,broad.tech,high,auto_approved,,,1,2023-01-01,eastmoney_fundcode_search
159786,SZ,VRETF银华,指数型-股票,A股行业,行业,科技（计算机与AI）,industry.computer_ai,high,auto_approved,,,1,2023-01-01,eastmoney_fundcode_search
159787,SZ,建材ETF易方达,指数型-股票,A股行业,行业,建筑建材,industry.construction,high,auto_approved,,,1,2023-01-01,eastmoney_fundcode_search
159788,SZ,港股通100ETF易方达,指数型-股票,跨境权益,QDII,港股,asset.overseas,high,auto_approved,,,1,2023-01-01,eastmoney_fundcode_search
159790,SZ,碳中和ETF华夏,指数型-股票,A股行业,行业,公用事业与环保,industry.utility,high,auto_approved,,,1,2023-01-01,eastmoney_fundcode_search
159791,SZ,300ESGETF华夏,指数型-股票,A股策略,策略,ESG,strategy.esg,high,auto_approved,,,1,2023-01-01,eastmoney_fundcode_search
159792,SZ,港股通互联网ETF富国,指数型-股票,跨境权益,QDII,港股,asset.overseas,high,auto_approved,,,1,2023-01-01,eastmoney_fundcode_search
159793,SZ,线上消费ETF平安,指数型-股票,A股行业,行业,消费（食品饮料）,industry.consumer,high,auto_approved,,,1,2023-01-01,eastmoney_fundcode_search
159795,SZ,智能汽车ETF汇添富,指数型-股票,A股行业,行业,消费（汽车）,industry.auto,high,auto_approved,,,1,2023-01-01,eastmoney_fundcode_search
159796,SZ,电池ETF汇添富,指数型-股票,A股行业,行业,制造（新能源）,industry.new_energy,high,auto_approved,,,1,2023-01-01,eastmoney_fundcode_search
159797,SZ,医疗器械ETF汇添富,指数型-股票,A股行业,行业,消费（医药生物）,industry.healthcare,high,auto_approved,,,1,2023-01-01,eastmoney_fundcode_search
159798,SZ,消费ETF易方达,指数型-股票,A股行业,行业,消费（食品饮料）,industry.consumer,high,auto_approved,,,1,2023-01-01,eastmoney_fundcode_search
159800,SZ,中证800ETF鹏华,指数型-股票,A股宽基,宽基,宽基（综合）,broad.composite,high,auto_approved,,,1,2023-01-01,eastmoney_fundcode_search
159801,SZ,芯片ETF广发,指数型-股票,A股行业,行业,科技（半导体）,industry.semiconductor,high,auto_approved,,,1,2023-01-01,eastmoney_fundcode_search
159804,SZ,创中盘88ETF国寿,指数型-股票,A股宽基,宽基,宽基（中盘）,broad.mid,high,auto_approved,,,1,2023-01-01,eastmoney_fundcode_search
159805,SZ,传媒ETF鹏华,指数型-股票,A股行业,行业,消费（服务与传媒）,industry.services_media,high,auto_approved,,,1,2023-01-01,eastmoney_fundcode_search
159806,SZ,新能源车ETF国泰,指数型-股票,A股行业,行业,消费（汽车）,industry.auto,high,auto_approved,,,1,2023-01-01,eastmoney_fundcode_search
159807,SZ,科技ETF易方达,指数型-股票,A股行业,行业,科技（计算机与AI）,industry.computer_ai,high,auto_approved,,,1,2023-01-01,eastmoney_fundcode_search
159808,SZ,创100ETF融通,指数型-股票,A股宽基,宽基,科技（指数）,broad.tech,high,auto_approved,,,1,2023-01-01,eastmoney_fundcode_search
159810,SZ,创业板ETF浦银,指数型-股票,A股宽基,宽基,科技（指数）,broad.tech,high,auto_approved,,,1,2023-01-01,eastmoney_fundcode_search
159811,SZ,5GETF博时,指数型-股票,A股行业,行业,科技（通信）,industry.telecom,high,auto_approved,,,1,2023-01-01,eastmoney_fundcode_search
159812,SZ,黄金ETF前海开源,指数型-其他,商品,商品,黄金,asset.commodity,high,auto_approved,,,1,2023-01-01,eastmoney_fundcode_search
159813,SZ,半导体ETF鹏华,指数型-股票,A股行业,行业,科技（半导体）,industry.semiconductor,high,auto_approved,,,1,2023-01-01,eastmoney_fundcode_search
159814,SZ,创业大盘ETF西部利得,指数型-股票,A股宽基,宽基,宽基（大盘）,broad.large,high,auto_approved,,,1,2023-01-01,eastmoney_fundcode_search
159816,SZ,0-4年地方债ETF鹏华,指数型-固收,债券,债券,利率债与国债,asset.bond,high,auto_approved,,,1,2023-01-01,eastmoney_fundcode_search
159819,SZ,人工智能ETF易方达,指数型-股票,A股行业,行业,科技（计算机与AI）,industry.computer_ai,high,auto_approved,,,1,2023-01-01,eastmoney_fundcode_search
159820,SZ,中证500ETF天弘,指数型-股票,A股宽基,宽基,宽基（中盘）,broad.mid,high,auto_approved,,,1,2023-01-01,eastmoney_fundcode_search
159821,SZ,创业板ETF中银证券,指数型-股票,A股宽基,宽基,科技（指数）,broad.tech,high,auto_approved,,,1,2023-01-01,eastmoney_fundcode_search
159822,SZ,新经济ETF银华,指数型-海外股票,跨境权益,QDII,全球及其他,asset.overseas,high,auto_approved,,,1,2023-01-01,eastmoney_fundcode_search
159824,SZ,新能源车ETF博时,指数型-股票,A股行业,行业,消费（汽车）,industry.auto,high,auto_approved,,,1,2023-01-01,eastmoney_fundcode_search
159825,SZ,农业ETF富国,指数型-股票,A股行业,行业,消费（农林牧渔）,industry.agriculture,high,auto_approved,,,1,2023-01-01,eastmoney_fundcode_search
159827,SZ,农业ETF银华,指数型-股票,A股行业,行业,消费（农林牧渔）,industry.agriculture,high,auto_approved,,,1,2023-01-01,eastmoney_fundcode_search
159828,SZ,医疗ETF国泰,指数型-股票,A股行业,行业,消费（医药生物）,industry.healthcare,high,auto_approved,,,1,2023-01-01,eastmoney_fundcode_search
159830,SZ,金ETF天弘,指数型-其他,商品,商品,黄金,asset.commodity,high,auto_approved,,,1,2023-01-01,eastmoney_fundcode_search
159831,SZ,金ETF嘉实,指数型-其他,商品,商品,黄金,asset.commodity,high,auto_approved,,,1,2023-01-01,eastmoney_fundcode_search
159834,SZ,金ETF南方,指数型-其他,商品,商品,黄金,asset.commodity,high,auto_approved,,,1,2023-01-01,eastmoney_fundcode_search
159835,SZ,创新药ETF建信,指数型-股票,A股行业,行业,消费（医药生物）,industry.healthcare,high,auto_approved,,,1,2023-01-01,eastmoney_fundcode_search
159836,SZ,创业板300ETF天弘,指数型-股票,A股宽基,宽基,科技（指数）,broad.tech,high,auto_approved,,,1,2023-01-01,eastmoney_fundcode_search
159837,SZ,生物科技ETF易方达,指数型-股票,A股行业,行业,科技（计算机与AI）,industry.computer_ai,high,auto_approved,,,1,2023-01-01,eastmoney_fundcode_search
159838,SZ,医药50ETF博时,指数型-股票,A股行业,行业,消费（医药生物）,industry.healthcare,high,auto_approved,,,1,2023-01-01,eastmoney_fundcode_search
159839,SZ,生物医药ETF汇添富,指数型-股票,A股行业,行业,消费（医药生物）,industry.healthcare,high,auto_approved,,,1,2023-01-01,eastmoney_fundcode_search
159840,SZ,锂电池ETF工银,指数型-股票,A股行业,行业,制造（新能源）,industry.new_energy,high,auto_approved,,,1,2023-01-01,eastmoney_fundcode_search
159841,SZ,证券ETF天弘,指数型-股票,A股行业,行业,金融地产（证券）,industry.broker,high,auto_approved,,,1,2023-01-01,eastmoney_fundcode_search
159842,SZ,券商ETF银华,指数型-股票,A股行业,行业,金融地产（证券）,industry.broker,high,auto_approved,,,1,2023-01-01,eastmoney_fundcode_search
159843,SZ,食品饮料ETF招商,指数型-股票,A股行业,行业,消费（食品饮料）,industry.consumer,high,auto_approved,,,1,2023-01-01,eastmoney_fundcode_search
159845,SZ,中证1000ETF华夏,指数型-股票,A股宽基,宽基,宽基（小盘）,broad.small,high,auto_approved,,,1,2023-01-01,eastmoney_fundcode_search
159847,SZ,医疗ETF易方达,指数型-股票,A股行业,行业,消费（医药生物）,industry.healthcare,high,auto_approved,,,1,2023-01-01,eastmoney_fundcode_search
159848,SZ,证券ETF国联安,指数型-股票,A股行业,行业,金融地产（证券）,industry.broker,high,auto_approved,,,1,2023-01-01,eastmoney_fundcode_search
159849,SZ,生物科技ETF招商,指数型-股票,A股行业,行业,科技（计算机与AI）,industry.computer_ai,high,auto_approved,,,1,2023-01-01,eastmoney_fundcode_search
159850,SZ,恒生国企ETF华夏,指数型-海外股票,跨境权益,QDII,港股,asset.overseas,high,auto_approved,,,1,2023-01-01,eastmoney_fundcode_search
159851,SZ,金融科技ETF华宝,指数型-股票,A股行业,行业,科技（计算机与AI）,industry.computer_ai,high,auto_approved,,,1,2023-01-01,eastmoney_fundcode_search
159852,SZ,软件ETF嘉实,指数型-股票,A股行业,行业,科技（计算机与AI）,industry.computer_ai,high,auto_approved,,,1,2023-01-01,eastmoney_fundcode_search
159855,SZ,影视ETF银华,指数型-股票,A股行业,行业,消费（服务与传媒）,industry.services_media,high,auto_approved,,,1,2023-01-01,eastmoney_fundcode_search
159856,SZ,互联网龙头ETF工银,指数型-股票,A股宽基,宽基,宽基（大盘）,broad.large,high,auto_approved,,,1,2023-01-01,eastmoney_fundcode_search
159857,SZ,光伏ETF天弘,指数型-股票,A股行业,行业,制造（新能源）,industry.new_energy,high,auto_approved,,,1,2023-01-01,eastmoney_fundcode_search
159858,SZ,创新药ETF南方,指数型-股票,A股行业,行业,消费（医药生物）,industry.healthcare,high,auto_approved,,,1,2023-01-01,eastmoney_fundcode_search
159859,SZ,生物医药ETF天弘,指数型-股票,A股行业,行业,消费（医药生物）,industry.healthcare,high,auto_approved,,,1,2023-01-01,eastmoney_fundcode_search
159861,SZ,碳中和50ETF国泰,指数型-股票,A股行业,行业,公用事业与环保,industry.utility,high,auto_approved,,,1,2023-01-01,eastmoney_fundcode_search
159862,SZ,食品饮料ETF银华,指数型-股票,A股行业,行业,消费（食品饮料）,industry.consumer,high,auto_approved,,,1,2023-01-01,eastmoney_fundcode_search
159863,SZ,光伏ETF鹏华,指数型-股票,A股行业,行业,制造（新能源）,industry.new_energy,high,auto_approved,,,1,2023-01-01,eastmoney_fundcode_search
159864,SZ,光伏ETF国泰,指数型-股票,A股行业,行业,制造（新能源）,industry.new_energy,high,auto_approved,,,1,2023-01-01,eastmoney_fundcode_search
159865,SZ,养殖ETF国泰,指数型-股票,A股行业,行业,消费（农林牧渔）,industry.agriculture,high,auto_approved,,,1,2023-01-01,eastmoney_fundcode_search
159866,SZ,日经ETF工银,指数型-海外股票,跨境权益,QDII,日本,asset.overseas,high,auto_approved,,,1,2023-01-01,eastmoney_fundcode_search
159867,SZ,养殖ETF鹏华,指数型-股票,A股行业,行业,消费（农林牧渔）,industry.agriculture,high,auto_approved,,,1,2023-01-01,eastmoney_fundcode_search
159869,SZ,游戏ETF华夏,指数型-股票,A股行业,行业,消费（服务与传媒）,industry.services_media,high,auto_approved,,,1,2023-01-01,eastmoney_fundcode_search
159870,SZ,化工ETF鹏华,指数型-股票,A股行业,行业,周期（化工与材料）,industry.chemical,high,auto_approved,,,1,2023-01-01,eastmoney_fundcode_search
159871,SZ,有色ETF银华,指数型-股票,A股行业,行业,周期（有色金属）,industry.metals,high,auto_approved,,,1,2023-01-01,eastmoney_fundcode_search
159872,SZ,智能网联汽车ETF鹏华,指数型-股票,A股行业,行业,消费（汽车）,industry.auto,high,auto_approved,,,1,2023-01-01,eastmoney_fundcode_search
159873,SZ,医疗设备ETF天弘,指数型-股票,A股行业,行业,消费（医药生物）,industry.healthcare,high,auto_approved,,,1,2023-01-01,eastmoney_fundcode_search
159875,SZ,新能源ETF嘉实,指数型-股票,A股行业,行业,制造（新能源）,industry.new_energy,high,auto_approved,,,1,2023-01-01,eastmoney_fundcode_search
159876,SZ,有色ETF华宝,指数型-股票,A股行业,行业,周期（有色金属）,industry.metals,high,auto_approved,,,1,2023-01-01,eastmoney_fundcode_search
159877,SZ,医疗ETF南方,指数型-股票,A股行业,行业,消费（医药生物）,industry.healthcare,high,auto_approved,,,1,2023-01-01,eastmoney_fundcode_search
159880,SZ,有色ETF鹏华,指数型-股票,A股行业,行业,周期（有色金属）,industry.metals,high,auto_approved,,,1,2023-01-01,eastmoney_fundcode_search
159881,SZ,有色金属ETF国泰,指数型-股票,A股行业,行业,周期（有色金属）,industry.metals,high,auto_approved,,,1,2023-01-01,eastmoney_fundcode_search
159883,SZ,医疗器械ETF永赢,指数型-股票,A股行业,行业,消费（医药生物）,industry.healthcare,high,auto_approved,,,1,2023-01-01,eastmoney_fundcode_search
159885,SZ,碳中和ETF鹏华,指数型-股票,A股行业,行业,公用事业与环保,industry.utility,high,auto_approved,,,1,2023-01-01,eastmoney_fundcode_search
159886,SZ,机械ETF富国,指数型-股票,A股行业,行业,制造（机械与高端制造）,industry.manufacturing,high,auto_approved,,,1,2023-01-01,eastmoney_fundcode_search
159887,SZ,银行ETF富国,指数型-股票,A股行业,行业,金融地产（银行）,industry.bank,high,auto_approved,,,1,2023-01-01,eastmoney_fundcode_search
159888,SZ,智能汽车ETF华夏,指数型-股票,A股行业,行业,消费（汽车）,industry.auto,high,auto_approved,,,1,2023-01-01,eastmoney_fundcode_search
159889,SZ,智能汽车ETF国泰,指数型-股票,A股行业,行业,消费（汽车）,industry.auto,high,auto_approved,,,1,2023-01-01,eastmoney_fundcode_search
159890,SZ,云计算ETF招商,指数型-股票,A股行业,行业,科技（计算机与AI）,industry.computer_ai,high,auto_approved,,,1,2023-01-01,eastmoney_fundcode_search
159891,SZ,医疗ETF建信,指数型-股票,A股行业,行业,消费（医药生物）,industry.healthcare,high,auto_approved,,,1,2023-01-01,eastmoney_fundcode_search
159892,SZ,恒生医药ETF华夏,指数型-海外股票,跨境权益,QDII,港股,asset.overseas,high,auto_approved,,,1,2023-01-01,eastmoney_fundcode_search
159895,SZ,物联网ETF易方达,指数型-股票,A股行业,行业,科技（计算机与AI）,industry.computer_ai,high,auto_approved,,,1,2023-01-01,eastmoney_fundcode_search
159896,SZ,物联网ETF南方,指数型-股票,A股行业,行业,科技（计算机与AI）,industry.computer_ai,high,auto_approved,,,1,2023-01-01,eastmoney_fundcode_search
159898,SZ,医疗器械ETF招商,指数型-股票,A股行业,行业,消费（医药生物）,industry.healthcare,high,auto_approved,,,1,2023-01-01,eastmoney_fundcode_search
159899,SZ,软件ETF招商,指数型-股票,A股行业,行业,科技（计算机与AI）,industry.computer_ai,high,auto_approved,,,1,2023-01-01,eastmoney_fundcode_search
159901,SZ,深证100ETF易方达,指数型-股票,A股宽基,宽基,宽基（大盘）,broad.large,high,auto_approved,,,1,2023-01-01,eastmoney_fundcode_search
159902,SZ,中小100ETF华夏,指数型-股票,A股宽基,宽基,宽基（小盘）,broad.small,high,auto_approved,,,1,2023-01-01,eastmoney_fundcode_search
159903,SZ,深成ETF南方,指数型-股票,A股宽基,宽基,宽基（综合）,broad.composite,high,auto_approved,,,1,2023-01-01,eastmoney_fundcode_search
159905,SZ,红利ETF工银,指数型-股票,A股策略,策略,红利与高股息,strategy.dividend,high,auto_approved,,,1,2023-01-01,eastmoney_fundcode_search
159906,SZ,深成长ETF大成,指数型-股票,A股策略,策略,成长,strategy.growth,high,auto_approved,,,1,2023-01-01,eastmoney_fundcode_search
159907,SZ,国证2000ETF广发,指数型-股票,A股宽基,宽基,宽基（小盘）,broad.small,high,auto_approved,,,1,2023-01-01,eastmoney_fundcode_search
159908,SZ,创业板ETF博时,指数型-股票,A股宽基,宽基,科技（指数）,broad.tech,high,auto_approved,,,1,2023-01-01,eastmoney_fundcode_search
159909,SZ,TMT50ETF招商,指数型-股票,A股行业,行业,科技（计算机与AI）,industry.computer_ai,high,auto_approved,,,1,2023-01-01,eastmoney_fundcode_search
159910,SZ,基本面120ETF嘉实,指数型-股票,A股策略,策略,其他策略,strategy.other,high,auto_approved,,,1,2023-01-01,eastmoney_fundcode_search
159912,SZ,深300ETF汇添富,指数型-股票,A股宽基,宽基,宽基（大盘）,broad.large,high,auto_approved,,,1,2023-01-01,eastmoney_fundcode_search
159913,SZ,深价值ETF交银,指数型-股票,A股策略,策略,价值,strategy.value,high,auto_approved,,,1,2023-01-01,eastmoney_fundcode_search
159915,SZ,创业板ETF易方达,指数型-股票,A股宽基,宽基,科技（指数）,broad.tech,high,auto_approved,399006,创业板指数,1,2023-01-01,eastmoney_fundcode_search
159916,SZ,基本面ETF建信,指数型-股票,A股策略,策略,其他策略,strategy.other,high,auto_approved,,,1,2023-01-01,eastmoney_fundcode_search
159918,SZ,中创400ETF嘉实,指数型-股票,A股宽基,宽基,宽基（中盘）,broad.mid,high,auto_approved,,,1,2023-01-01,eastmoney_fundcode_search
159919,SZ,沪深300ETF嘉实,指数型-股票,A股宽基,宽基,宽基（大盘）,broad.large,high,auto_approved,000300,沪深300指数,1,2023-01-01,eastmoney_fundcode_search
159920,SZ,恒生ETF华夏,指数型-海外股票,跨境权益,QDII,港股,asset.overseas,high,auto_approved,,,1,2023-01-01,eastmoney_fundcode_search
159922,SZ,中证500ETF嘉实,指数型-股票,A股宽基,宽基,宽基（中盘）,broad.mid,high,auto_approved,,,1,2023-01-01,eastmoney_fundcode_search
159923,SZ,中证A100ETF大成,指数型-股票,A股宽基,宽基,宽基（大盘）,broad.large,high,auto_approved,,,1,2023-01-01,eastmoney_fundcode_search
159925,SZ,沪深300ETF南方,指数型-股票,A股宽基,宽基,宽基（大盘）,broad.large,high,auto_approved,,,1,2023-01-01,eastmoney_fundcode_search
159928,SZ,消费ETF汇添富,指数型-股票,A股行业,行业,消费（食品饮料）,industry.consumer,high,auto_approved,,,1,2023-01-01,eastmoney_fundcode_search
159929,SZ,医药ETF汇添富,指数型-股票,A股行业,行业,消费（医药生物）,industry.healthcare,high,auto_approved,,,1,2023-01-01,eastmoney_fundcode_search
159930,SZ,能源ETF汇添富,指数型-股票,A股行业,行业,周期（能源）,industry.energy,high,auto_approved,,,1,2023-01-01,eastmoney_fundcode_search
159931,SZ,金融地产ETF汇添富,指数型-股票,A股行业,行业,金融地产（综合）,industry.finance_property,high,auto_approved,,,1,2023-01-01,eastmoney_fundcode_search
159933,SZ,金融地产ETF国投瑞银,指数型-股票,A股行业,行业,金融地产（综合）,industry.finance_property,high,auto_approved,,,1,2023-01-01,eastmoney_fundcode_search
159934,SZ,黄金ETF易方达,指数型-其他,商品,商品,黄金,asset.commodity,high,auto_approved,,,1,2023-01-01,eastmoney_fundcode_search
159935,SZ,中证500ETF景顺,指数型-股票,A股宽基,宽基,宽基（中盘）,broad.mid,high,auto_approved,,,1,2023-01-01,eastmoney_fundcode_search
159936,SZ,可选消费ETF广发,指数型-股票,A股行业,行业,消费（食品饮料）,industry.consumer,high,auto_approved,,,1,2023-01-01,eastmoney_fundcode_search
159937,SZ,黄金ETF博时,指数型-其他,商品,商品,黄金,asset.commodity,high,auto_approved,,,1,2023-01-01,eastmoney_fundcode_search
159938,SZ,医药ETF广发,指数型-股票,A股行业,行业,消费（医药生物）,industry.healthcare,high,auto_approved,,,1,2023-01-01,eastmoney_fundcode_search
159939,SZ,信息技术ETF广发,指数型-股票,A股行业,行业,科技（计算机与AI）,industry.computer_ai,high,auto_approved,,,1,2023-01-01,eastmoney_fundcode_search
159940,SZ,金融地产ETF广发,指数型-股票,A股行业,行业,金融地产（综合）,industry.finance_property,high,auto_approved,,,1,2023-01-01,eastmoney_fundcode_search
159941,SZ,纳指ETF广发,指数型-海外股票,跨境权益,QDII,美国,asset.overseas,high,auto_approved,,,1,2023-01-01,eastmoney_fundcode_search
159943,SZ,深证成指ETF大成,指数型-股票,A股宽基,宽基,宽基（综合）,broad.composite,high,auto_approved,,,1,2023-01-01,eastmoney_fundcode_search
159944,SZ,材料ETF广发,指数型-股票,A股行业,行业,周期（化工与材料）,industry.chemical,high,auto_approved,,,1,2023-01-01,eastmoney_fundcode_search
159945,SZ,能源ETF广发,指数型-股票,A股行业,行业,周期（能源）,industry.energy,high,auto_approved,,,1,2023-01-01,eastmoney_fundcode_search
159948,SZ,创业板ETF南方,指数型-股票,A股宽基,宽基,科技（指数）,broad.tech,high,auto_approved,,,1,2023-01-01,eastmoney_fundcode_search
159949,SZ,创业板50ETF华安,指数型-股票,A股宽基,宽基,科技（指数）,broad.tech,high,auto_approved,,,1,2023-01-01,eastmoney_fundcode_search
159952,SZ,创业板ETF广发,指数型-股票,A股宽基,宽基,科技（指数）,broad.tech,high,auto_approved,,,1,2023-01-01,eastmoney_fundcode_search
159954,SZ,恒生中国企业ETF南方,指数型-股票,跨境权益,QDII,港股,asset.overseas,high,auto_approved,,,1,2023-01-01,eastmoney_fundcode_search
159956,SZ,创业板ETF建信,指数型-股票,A股宽基,宽基,科技（指数）,broad.tech,high,auto_approved,,,1,2023-01-01,eastmoney_fundcode_search
159957,SZ,创业板ETF华夏,指数型-股票,A股宽基,宽基,科技（指数）,broad.tech,high,auto_approved,,,1,2023-01-01,eastmoney_fundcode_search
159958,SZ,创业板ETF工银,指数型-股票,A股宽基,宽基,科技（指数）,broad.tech,high,auto_approved,,,1,2023-01-01,eastmoney_fundcode_search
159959,SZ,央企ETF银华,指数型-股票,A股主题,主题,政策与区域主题,theme.policy,high,auto_approved,,,1,2023-01-01,eastmoney_fundcode_search
159960,SZ,恒生中国企业ETF平安,指数型-股票,跨境权益,QDII,港股,asset.overseas,high,auto_approved,,,1,2023-01-01,eastmoney_fundcode_search
159961,SZ,深100ETF方正富邦,指数型-股票,A股宽基,宽基,宽基（大盘）,broad.large,high,auto_approved,,,1,2023-01-01,eastmoney_fundcode_search
159964,SZ,创业板ETF平安,指数型-股票,A股宽基,宽基,科技（指数）,broad.tech,high,auto_approved,,,1,2023-01-01,eastmoney_fundcode_search
159965,SZ,央视50ETF国联,指数型-股票,A股策略,策略,其他策略,strategy.other,high,auto_approved,,,1,2023-01-01,eastmoney_fundcode_search
159966,SZ,创业板价值ETF华夏,指数型-股票,A股宽基,宽基,科技（指数）,broad.tech,high,auto_approved,,,1,2023-01-01,eastmoney_fundcode_search
159967,SZ,创业板成长ETF华夏,指数型-股票,A股宽基,宽基,科技（指数）,broad.tech,high,auto_approved,,,1,2023-01-01,eastmoney_fundcode_search
159968,SZ,中证500ETF博时,指数型-股票,A股宽基,宽基,宽基（中盘）,broad.mid,high,auto_approved,,,1,2023-01-01,eastmoney_fundcode_search
159970,SZ,深100ETF工银,指数型-股票,A股宽基,宽基,宽基（大盘）,broad.large,high,auto_approved,,,1,2023-01-01,eastmoney_fundcode_search
159971,SZ,创业板ETF富国,指数型-股票,A股宽基,宽基,科技（指数）,broad.tech,high,auto_approved,,,1,2023-01-01,eastmoney_fundcode_search
159972,SZ,5年地方债ETF鹏华,指数型-固收,债券,债券,利率债与国债,asset.bond,high,auto_approved,,,1,2023-01-01,eastmoney_fundcode_search
159973,SZ,民企ETF弘毅远方,指数型-股票,A股主题,主题,政策与区域主题,theme.policy,high,auto_approved,,,1,2023-01-01,eastmoney_fundcode_search
159974,SZ,央企创新ETF富国,指数型-股票,A股主题,主题,政策与区域主题,theme.policy,high,auto_approved,,,1,2023-01-01,eastmoney_fundcode_search
159975,SZ,深100ETF招商,指数型-股票,A股宽基,宽基,宽基（大盘）,broad.large,high,auto_approved,,,1,2023-01-01,eastmoney_fundcode_search
159976,SZ,湾创ETF工银,指数型-股票,A股主题,主题,政策与区域主题,theme.policy,high,auto_approved,,,1,2023-01-01,eastmoney_fundcode_search
159977,SZ,创业板ETF天弘,指数型-股票,A股宽基,宽基,科技（指数）,broad.tech,high,auto_approved,,,1,2023-01-01,eastmoney_fundcode_search
159980,SZ,有色ETF大成,指数型-其他,A股行业,行业,周期（有色金属）,industry.metals,high,auto_approved,,,1,2023-01-01,eastmoney_fundcode_search
159981,SZ,能源化工ETF建信,指数型-其他,商品,商品,其他商品,asset.commodity,high,auto_approved,,,1,2023-01-01,eastmoney_fundcode_search
159982,SZ,中证500ETF鹏华,指数型-股票,A股宽基,宽基,宽基（中盘）,broad.mid,high,auto_approved,,,1,2023-01-01,eastmoney_fundcode_search
159985,SZ,豆粕ETF华夏,指数型-其他,商品,商品,其他商品,asset.commodity,high,auto_approved,,,1,2023-01-01,eastmoney_fundcode_search
159991,SZ,创业板大盘ETF招商,指数型-股票,A股宽基,宽基,宽基（大盘）,broad.large,high,auto_approved,,,1,2023-01-01,eastmoney_fundcode_search
159992,SZ,创新药ETF银华,指数型-股票,A股行业,行业,消费（医药生物）,industry.healthcare,high,auto_approved,,,1,2023-01-01,eastmoney_fundcode_search
159993,SZ,证券ETF鹏华,指数型-股票,A股行业,行业,金融地产（证券）,industry.broker,high,auto_approved,,,1,2023-01-01,eastmoney_fundcode_search
159994,SZ,通信ETF银华,指数型-股票,A股行业,行业,科技（通信）,industry.telecom,high,auto_approved,,,1,2023-01-01,eastmoney_fundcode_search
159995,SZ,芯片ETF华夏,指数型-股票,A股行业,行业,科技（半导体）,industry.semiconductor,high,auto_approved,,,1,2023-01-01,eastmoney_fundcode_search
159996,SZ,家电ETF国泰,指数型-股票,A股行业,行业,消费（家电）,industry.appliance,high,auto_approved,,,1,2023-01-01,eastmoney_fundcode_search
159997,SZ,电子ETF天弘,指数型-股票,A股行业,行业,科技（电子）,industry.electronics,high,auto_approved,,,1,2023-01-01,eastmoney_fundcode_search
159998,SZ,计算机ETF天弘,指数型-股票,A股行业,行业,科技（计算机与AI）,industry.computer_ai,high,auto_approved,,,1,2023-01-01,eastmoney_fundcode_search
510010,SH,180治理ETF交银,指数型-股票,A股策略,策略,其他策略,strategy.other,high,auto_approved,,,1,2023-01-01,eastmoney_fundcode_search
510020,SH,超大盘ETF博时,指数型-股票,A股宽基,宽基,宽基（大盘）,broad.large,high,auto_approved,,,1,2023-01-01,eastmoney_fundcode_search
510030,SH,价值ETF华宝,指数型-股票,A股策略,策略,价值,strategy.value,high,auto_approved,,,1,2023-01-01,eastmoney_fundcode_search
510040,SH,上证180ETF鹏华,指数型-股票,A股宽基,宽基,宽基（大盘）,broad.large,high,auto_approved,,,1,2023-01-01,eastmoney_fundcode_search
510050,SH,上证50ETF华夏,指数型-股票,A股宽基,宽基,宽基（大盘）,broad.large,high,auto_approved,000016,上证50指数,1,2023-01-01,eastmoney_fundcode_search
510060,SH,央企ETF工银,指数型-股票,A股主题,主题,政策与区域主题,theme.policy,high,auto_approved,,,1,2023-01-01,eastmoney_fundcode_search
510090,SH,责任ETF建信,指数型-股票,A股策略,策略,ESG,strategy.esg,high,auto_approved,,,1,2023-01-01,eastmoney_fundcode_search
510100,SH,上证50ETF易方达,指数型-股票,A股宽基,宽基,宽基（大盘）,broad.large,high,auto_approved,,,1,2023-01-01,eastmoney_fundcode_search
510130,SH,上证中盘ETF易方达,指数型-股票,A股宽基,宽基,宽基（中盘）,broad.mid,high,auto_approved,,,1,2023-01-01,eastmoney_fundcode_search
510140,SH,上证综指ETF华夏,指数型-股票,A股宽基,宽基,宽基（综合）,broad.composite,high,auto_approved,,,1,2023-01-01,eastmoney_fundcode_search
510150,SH,消费ETF招商,指数型-股票,A股行业,行业,消费（食品饮料）,industry.consumer,high,auto_approved,,,1,2023-01-01,eastmoney_fundcode_search
510160,SH,产业升级ETF南方,指数型-股票,A股主题,主题,政策与区域主题,theme.policy,high,auto_approved,,,1,2023-01-01,eastmoney_fundcode_search
510170,SH,大宗商品ETF国联安,指数型-股票,商品,商品,其他商品,asset.commodity,high,auto_approved,,,1,2023-01-01,eastmoney_fundcode_search
510180,SH,上证180ETF华安,指数型-股票,A股宽基,宽基,宽基（大盘）,broad.large,high,auto_approved,,,1,2023-01-01,eastmoney_fundcode_search
510190,SH,上证50ETF华安,指数型-股票,A股宽基,宽基,宽基（大盘）,broad.large,high,auto_approved,,,1,2023-01-01,eastmoney_fundcode_search
510200,SH,上证券商ETF汇安,指数型-股票,A股行业,行业,金融地产（证券）,industry.broker,high,auto_approved,,,1,2023-01-01,eastmoney_fundcode_search
510210,SH,上证指数ETF富国,指数型-股票,A股宽基,宽基,宽基（综合）,broad.composite,high,auto_approved,,,1,2023-01-01,eastmoney_fundcode_search
510230,SH,金融ETF国泰,指数型-股票,A股行业,行业,金融地产（综合）,industry.finance_property,high,auto_approved,,,1,2023-01-01,eastmoney_fundcode_search
510270,SH,国企ETF中银,指数型-股票,A股主题,主题,政策与区域主题,theme.policy,high,auto_approved,,,1,2023-01-01,eastmoney_fundcode_search
510290,SH,上证380ETF南方,指数型-股票,A股宽基,宽基,宽基（综合）,broad.composite,high,auto_approved,,,1,2023-01-01,eastmoney_fundcode_search
510300,SH,沪深300ETF华泰柏瑞,指数型-股票,A股宽基,宽基,宽基（大盘）,broad.large,high,auto_approved,000300,沪深300指数,1,2023-01-01,eastmoney_fundcode_search
510310,SH,沪深300ETF易方达,指数型-股票,A股宽基,宽基,宽基（大盘）,broad.large,high,auto_approved,,,1,2023-01-01,eastmoney_fundcode_search
510320,SH,沪深300ETF中金,指数型-股票,A股宽基,宽基,宽基（大盘）,broad.large,high,auto_approved,,,1,2023-01-01,eastmoney_fundcode_search
510330,SH,沪深300ETF华夏,指数型-股票,A股宽基,宽基,宽基（大盘）,broad.large,high,auto_approved,,,1,2023-01-01,eastmoney_fundcode_search
510350,SH,沪深300ETF工银,指数型-股票,A股宽基,宽基,宽基（大盘）,broad.large,high,auto_approved,,,1,2023-01-01,eastmoney_fundcode_search
510360,SH,沪深300ETF广发,指数型-股票,A股宽基,宽基,宽基（大盘）,broad.large,high,auto_approved,,,1,2023-01-01,eastmoney_fundcode_search
510370,SH,沪深300ETF兴业,指数型-股票,A股宽基,宽基,宽基（大盘）,broad.large,high,auto_approved,,,1,2023-01-01,eastmoney_fundcode_search
510380,SH,沪深300ETF国寿,指数型-股票,A股宽基,宽基,宽基（大盘）,broad.large,high,auto_approved,,,1,2023-01-01,eastmoney_fundcode_search
510390,SH,沪深300ETF平安,指数型-股票,A股宽基,宽基,宽基（大盘）,broad.large,high,auto_approved,,,1,2023-01-01,eastmoney_fundcode_search
510410,SH,资源ETF博时,指数型-股票,A股行业,行业,周期（有色金属）,industry.metals,high,auto_approved,,,1,2023-01-01,eastmoney_fundcode_search
510500,SH,中证500ETF南方,指数型-股票,A股宽基,宽基,宽基（中盘）,broad.mid,high,auto_approved,000905,中证500指数,1,2023-01-01,eastmoney_fundcode_search
510510,SH,中证500ETF广发,指数型-股票,A股宽基,宽基,宽基（中盘）,broad.mid,high,auto_approved,,,1,2023-01-01,eastmoney_fundcode_search
510530,SH,中证500ETF工银,指数型-股票,A股宽基,宽基,宽基（中盘）,broad.mid,high,auto_approved,,,1,2023-01-01,eastmoney_fundcode_search
510550,SH,中证500ETF方正富邦,指数型-股票,A股宽基,宽基,宽基（中盘）,broad.mid,high,auto_approved,,,1,2023-01-01,eastmoney_fundcode_search
510560,SH,中证500ETF国寿,指数型-股票,A股宽基,宽基,宽基（中盘）,broad.mid,high,auto_approved,,,1,2023-01-01,eastmoney_fundcode_search
510570,SH,中证500ETF兴业,指数型-股票,A股宽基,宽基,宽基（中盘）,broad.mid,high,auto_approved,,,1,2023-01-01,eastmoney_fundcode_search
510580,SH,中证500ETF易方达,指数型-股票,A股宽基,宽基,宽基（中盘）,broad.mid,high,auto_approved,,,1,2023-01-01,eastmoney_fundcode_search
510590,SH,中证500ETF平安,指数型-股票,A股宽基,宽基,宽基（中盘）,broad.mid,high,auto_approved,,,1,2023-01-01,eastmoney_fundcode_search
510600,SH,上证50ETF申万菱信,指数型-股票,A股宽基,宽基,宽基（大盘）,broad.large,high,auto_approved,,,1,2023-01-01,eastmoney_fundcode_search
510630,SH,消费ETF华夏,指数型-股票,A股行业,行业,消费（食品饮料）,industry.consumer,high,auto_approved,,,1,2023-01-01,eastmoney_fundcode_search
510650,SH,金融地产ETF华夏,指数型-股票,A股行业,行业,金融地产（综合）,industry.finance_property,high,auto_approved,,,1,2023-01-01,eastmoney_fundcode_search
510660,SH,医药ETF华夏,指数型-股票,A股行业,行业,消费（医药生物）,industry.healthcare,high,auto_approved,,,1,2023-01-01,eastmoney_fundcode_search
510670,SH,上证180ETF华夏,指数型-股票,A股宽基,宽基,宽基（大盘）,broad.large,high,auto_approved,,,1,2023-01-01,eastmoney_fundcode_search
510680,SH,上证50ETF万家,指数型-股票,A股宽基,宽基,宽基（大盘）,broad.large,high,auto_approved,,,1,2023-01-01,eastmoney_fundcode_search
510710,SH,上证50ETF博时,指数型-股票,A股宽基,宽基,宽基（大盘）,broad.large,high,auto_approved,,,1,2023-01-01,eastmoney_fundcode_search
510720,SH,红利国企ETF国泰,指数型-股票,A股策略,策略,红利与高股息,strategy.dividend,high,auto_approved,,,1,2023-01-01,eastmoney_fundcode_search
510760,SH,上证指数ETF国泰,指数型-股票,A股宽基,宽基,宽基（综合）,broad.composite,high,auto_approved,,,1,2023-01-01,eastmoney_fundcode_search
510770,SH,G60创新ETF申万菱信,指数型-股票,A股主题,主题,政策与区域主题,theme.policy,high,auto_approved,,,1,2023-01-01,eastmoney_fundcode_search
510800,SH,上证50ETF建信,指数型-股票,A股宽基,宽基,宽基（大盘）,broad.large,high,auto_approved,,,1,2023-01-01,eastmoney_fundcode_search
510810,SH,上海国企ETF汇添富,指数型-股票,A股主题,主题,政策与区域主题,theme.policy,high,auto_approved,,,1,2023-01-01,eastmoney_fundcode_search
510850,SH,上证50ETF工银,指数型-股票,A股宽基,宽基,宽基（大盘）,broad.large,high,auto_approved,,,1,2023-01-01,eastmoney_fundcode_search
510880,SH,红利ETF华泰柏瑞,指数型-股票,A股策略,策略,红利与高股息,strategy.dividend,high,auto_approved,,,1,2023-01-01,eastmoney_fundcode_search
510900,SH,恒生中国企业ETF易方达,指数型-海外股票,跨境权益,QDII,港股,asset.overseas,high,auto_approved,,,1,2023-01-01,eastmoney_fundcode_search
510910,SH,上证指数ETF南方,指数型-股票,A股宽基,宽基,宽基（综合）,broad.composite,high,auto_approved,,,1,2023-01-01,eastmoney_fundcode_search
510950,SH,上证50ETF广发,指数型-股票,A股宽基,宽基,宽基（大盘）,broad.large,high,auto_approved,,,1,2023-01-01,eastmoney_fundcode_search
510980,SH,上证指数ETF汇添富,指数型-股票,A股宽基,宽基,宽基（综合）,broad.composite,high,auto_approved,,,1,2023-01-01,eastmoney_fundcode_search
510990,SH,180ESGETF工银,指数型-股票,A股策略,策略,ESG,strategy.esg,high,auto_approved,,,1,2023-01-01,eastmoney_fundcode_search
511010,SH,国债ETF国泰,指数型-固收,债券,债券,利率债与国债,asset.bond,high,auto_approved,,,1,2023-01-01,eastmoney_fundcode_search
511020,SH,国债ETF平安,指数型-固收,债券,债券,利率债与国债,asset.bond,high,auto_approved,,,1,2023-01-01,eastmoney_fundcode_search
511030,SH,公司债ETF平安,指数型-固收,债券,债券,信用债,asset.bond,high,auto_approved,,,1,2023-01-01,eastmoney_fundcode_search
511060,SH,5年地方债ETF海富通,指数型-固收,债券,债券,利率债与国债,asset.bond,high,auto_approved,,,1,2023-01-01,eastmoney_fundcode_search
511070,SH,公司债ETF南方,指数型-固收,债券,债券,信用债,asset.bond,high,auto_approved,,,1,2023-01-01,eastmoney_fundcode_search
511090,SH,30年国债ETF鹏扬,指数型-固收,债券,债券,利率债与国债,asset.bond,high,auto_approved,,,1,2023-01-01,eastmoney_fundcode_search
511100,SH,国债ETF华夏,指数型-固收,债券,债券,利率债与国债,asset.bond,high,auto_approved,,,1,2023-01-01,eastmoney_fundcode_search
511110,SH,公司债ETF易方达,指数型-固收,债券,债券,信用债,asset.bond,high,auto_approved,,,1,2023-01-01,eastmoney_fundcode_search
511120,SH,科创债ETF广发,指数型-固收,债券,债券,利率债与国债,asset.bond,high,auto_approved,,,1,2023-01-01,eastmoney_fundcode_search
511130,SH,30年国债ETF博时,指数型-固收,债券,债券,利率债与国债,asset.bond,high,auto_approved,,,1,2023-01-01,eastmoney_fundcode_search
511150,SH,科创债ETF永赢,指数型-固收,债券,债券,利率债与国债,asset.bond,high,auto_approved,,,1,2023-01-01,eastmoney_fundcode_search
511160,SH,国债ETF东财,指数型-固收,债券,债券,利率债与国债,asset.bond,high,auto_approved,,,1,2023-01-01,eastmoney_fundcode_search
511180,SH,可转债ETF海富通,指数型-固收,债券,债券,可转债,asset.bond,high,auto_approved,,,1,2023-01-01,eastmoney_fundcode_search
511190,SH,信用债ETF海富通,指数型-固收,债券,债券,信用债,asset.bond,high,auto_approved,,,1,2023-01-01,eastmoney_fundcode_search
511200,SH,信用债ETF华夏,指数型-固收,债券,债券,信用债,asset.bond,high,auto_approved,,,1,2023-01-01,eastmoney_fundcode_search
511220,SH,城投债ETF海富通,指数型-固收,债券,债券,信用债,asset.bond,high,auto_approved,,,1,2023-01-01,eastmoney_fundcode_search
511260,SH,十年国债ETF国泰,指数型-固收,债券,债券,利率债与国债,asset.bond,high,auto_approved,,,1,2023-01-01,eastmoney_fundcode_search
511270,SH,10年地方债ETF海富通,指数型-固收,债券,债券,利率债与国债,asset.bond,high,auto_approved,,,1,2023-01-01,eastmoney_fundcode_search
511360,SH,短融ETF海富通,指数型-固收,债券,债券,利率债与国债,asset.bond,high,auto_approved,,,1,2023-01-01,eastmoney_fundcode_search
511380,SH,可转债ETF博时,指数型-固收,债券,债券,可转债,asset.bond,high,auto_approved,,,1,2023-01-01,eastmoney_fundcode_search
511520,SH,政金债ETF富国,指数型-固收,债券,债券,政策性金融债,asset.bond,high,auto_approved,,,1,2023-01-01,eastmoney_fundcode_search
511580,SH,国债政金债ETF招商,指数型-固收,债券,债券,政策性金融债,asset.bond,high,auto_approved,,,1,2023-01-01,eastmoney_fundcode_search
511600,SH,华安日日鑫ETF,货币型-普通货币,货币,货币,货币ETF,asset.currency,high,auto_approved,,,1,2023-01-01,eastmoney_fundcode_search
511620,SH,货币ETF国泰,货币型-普通货币,货币,货币,货币ETF,asset.currency,high,auto_approved,,,1,2023-01-01,eastmoney_fundcode_search
511650,SH,货币ETF华夏,货币型-普通货币,货币,货币,货币ETF,asset.currency,high,auto_approved,,,1,2023-01-01,eastmoney_fundcode_search
511660,SH,货币ETF建信,货币型-普通货币,货币,货币,货币ETF,asset.currency,high,auto_approved,,,1,2023-01-01,eastmoney_fundcode_search
511670,SH,华泰天天金ETF,货币型-普通货币,货币,货币,货币ETF,asset.currency,high,auto_approved,,,1,2023-01-01,eastmoney_fundcode_search
511690,SH,交易货币ETF大成,货币型-普通货币,货币,货币,货币ETF,asset.currency,high,auto_approved,,,1,2023-01-01,eastmoney_fundcode_search
511700,SH,货币ETF平安,货币型-普通货币,货币,货币,货币ETF,asset.currency,high,auto_approved,,,1,2023-01-01,eastmoney_fundcode_search
511770,SH,金鹰增益货币ETF,货币型-普通货币,货币,货币,货币ETF,asset.currency,high,auto_approved,,,1,2023-01-01,eastmoney_fundcode_search
511800,SH,易方达货币ETF,货币型-普通货币,货币,货币,货币ETF,asset.currency,high,auto_approved,,,1,2023-01-01,eastmoney_fundcode_search
511810,SH,货币ETF南方,货币型-普通货币,货币,货币,货币ETF,asset.currency,high,auto_approved,,,1,2023-01-01,eastmoney_fundcode_search
511820,SH,鹏华添利ETF,货币型-普通货币,货币,货币,货币ETF,asset.currency,high,auto_approved,,,1,2023-01-01,eastmoney_fundcode_search
511830,SH,货币ETF华泰柏瑞,货币型-普通货币,货币,货币,货币ETF,asset.currency,high,auto_approved,,,1,2023-01-01,eastmoney_fundcode_search
511850,SH,招商财富宝ETF,货币型-普通货币,货币,货币,货币ETF,asset.currency,high,auto_approved,,,1,2023-01-01,eastmoney_fundcode_search
511860,SH,货币ETF博时,货币型-普通货币,货币,货币,货币ETF,asset.currency,high,auto_approved,,,1,2023-01-01,eastmoney_fundcode_search
511880,SH,银华日利ETF,货币型-普通货币,货币,货币,货币ETF,asset.currency,high,auto_approved,,,1,2023-01-01,eastmoney_fundcode_search
511900,SH,富国货币ETF,货币型-普通货币,货币,货币,货币ETF,asset.currency,high,auto_approved,,,1,2023-01-01,eastmoney_fundcode_search
511910,SH,融通货币ETF,货币型-普通货币,货币,货币,货币ETF,asset.currency,high,auto_approved,,,1,2023-01-01,eastmoney_fundcode_search
511920,SH,货币ETF广发,货币型-普通货币,货币,货币,货币ETF,asset.currency,high,auto_approved,,,1,2023-01-01,eastmoney_fundcode_search
511930,SH,货币ETF国联,货币型-普通货币,货币,货币,货币ETF,asset.currency,high,auto_approved,,,1,2023-01-01,eastmoney_fundcode_search
511950,SH,添利货币ETF广发,货币型-普通货币,货币,货币,货币ETF,asset.currency,high,auto_approved,,,1,2023-01-01,eastmoney_fundcode_search
511960,SH,货币ETF嘉实,货币型-普通货币,货币,货币,货币ETF,asset.currency,high,auto_approved,,,1,2023-01-01,eastmoney_fundcode_search
511970,SH,国寿货币ETF,货币型-普通货币,货币,货币,货币ETF,asset.currency,high,auto_approved,,,1,2023-01-01,eastmoney_fundcode_search
511980,SH,货币ETF汇添富,货币型-普通货币,货币,货币,货币ETF,asset.currency,high,auto_approved,,,1,2023-01-01,eastmoney_fundcode_search
511990,SH,华宝添益ETF,货币型-普通货币,货币,货币,货币ETF,asset.currency,high,auto_approved,,,1,2023-01-01,eastmoney_fundcode_search
512000,SH,券商ETF华宝,指数型-股票,A股行业,行业,金融地产（证券）,industry.broker,high,auto_approved,,,1,2023-01-01,eastmoney_fundcode_search
512010,SH,医药ETF易方达,指数型-股票,A股行业,行业,消费（医药生物）,industry.healthcare,high,auto_approved,,,1,2023-01-01,eastmoney_fundcode_search
512020,SH,A500ETF鹏华,指数型-股票,A股宽基,宽基,宽基（大盘）,broad.large,high,auto_approved,,,1,2023-01-01,eastmoney_fundcode_search
512030,SH,中证A50增强ETF易方达,指数型-股票,A股宽基,宽基,宽基（大盘）,broad.large,high,auto_approved,,,1,2023-01-01,eastmoney_fundcode_search
512040,SH,价值ETF富国,指数型-股票,A股策略,策略,价值,strategy.value,high,auto_approved,,,1,2023-01-01,eastmoney_fundcode_search
512050,SH,A500ETF华夏,指数型-股票,A股宽基,宽基,宽基（大盘）,broad.large,high,auto_approved,,,1,2023-01-01,eastmoney_fundcode_search
512060,SH,A100ETF天弘,指数型-股票,A股宽基,宽基,宽基（大盘）,broad.large,high,auto_approved,,,1,2023-01-01,eastmoney_fundcode_search
512070,SH,证券保险ETF易方达,指数型-股票,A股行业,行业,金融地产（证券）,industry.broker,high,auto_approved,,,1,2023-01-01,eastmoney_fundcode_search
512080,SH,A500ETF中金,指数型-股票,A股宽基,宽基,宽基（大盘）,broad.large,high,auto_approved,,,1,2023-01-01,eastmoney_fundcode_search
512090,SH,MSCIA股ETF易方达,指数型-股票,A股宽基,宽基,宽基（综合）,broad.composite,high,auto_approved,,,1,2023-01-01,eastmoney_fundcode_search
512100,SH,中证1000ETF南方,指数型-股票,A股宽基,宽基,宽基（小盘）,broad.small,high,auto_approved,,,1,2023-01-01,eastmoney_fundcode_search
512120,SH,医药ETF华安,指数型-股票,A股行业,行业,消费（医药生物）,industry.healthcare,high,auto_approved,,,1,2023-01-01,eastmoney_fundcode_search
512130,SH,全指现金流ETF鹏华,指数型-股票,A股策略,策略,质量与现金流,strategy.quality,high,auto_approved,,,1,2023-01-01,eastmoney_fundcode_search
512140,SH,电力ETF华安,指数型-股票,A股行业,行业,公用事业与环保,industry.utility,high,auto_approved,,,1,2023-01-01,eastmoney_fundcode_search
512150,SH,富时A50ETF汇安,指数型-股票,A股宽基,宽基,宽基（大盘）,broad.large,high,auto_approved,,,1,2023-01-01,eastmoney_fundcode_search
512160,SH,MSCI中国A股ETF南方,指数型-股票,A股宽基,宽基,宽基（综合）,broad.composite,high,auto_approved,,,1,2023-01-01,eastmoney_fundcode_search
512170,SH,医疗ETF华宝,指数型-股票,A股行业,行业,消费（医药生物）,industry.healthcare,high,auto_approved,,,1,2023-01-01,eastmoney_fundcode_search
512180,SH,MSCIA股ETF建信,指数型-股票,A股宽基,宽基,宽基（综合）,broad.composite,high,auto_approved,,,1,2023-01-01,eastmoney_fundcode_search
512190,SH,浙商之江凤凰ETF,指数型-股票,A股主题,主题,政策与区域主题,theme.policy,high,auto_approved,,,1,2023-01-01,eastmoney_fundcode_search
512200,SH,房地产ETF南方,指数型-股票,A股行业,行业,金融地产（综合）,industry.finance_property,high,auto_approved,,,1,2023-01-01,eastmoney_fundcode_search
512220,SH,TMTETF景顺,指数型-股票,A股行业,行业,科技（计算机与AI）,industry.computer_ai,high,auto_approved,,,1,2023-01-01,eastmoney_fundcode_search
512240,SH,A50ETF鹏华,指数型-股票,A股宽基,宽基,宽基（大盘）,broad.large,high,auto_approved,,,1,2023-01-01,eastmoney_fundcode_search
512250,SH,A50ETF招商,指数型-股票,A股宽基,宽基,宽基（大盘）,broad.large,high,auto_approved,,,1,2023-01-01,eastmoney_fundcode_search
512260,SH,中证500低波动ETF华安,指数型-股票,A股宽基,宽基,宽基（中盘）,broad.mid,high,auto_approved,,,1,2023-01-01,eastmoney_fundcode_search
512290,SH,生物医药ETF国泰,指数型-股票,A股行业,行业,消费（医药生物）,industry.healthcare,high,auto_approved,,,1,2023-01-01,eastmoney_fundcode_search
512330,SH,信息科技ETF南方,指数型-股票,A股行业,行业,科技（计算机与AI）,industry.computer_ai,high,auto_approved,,,1,2023-01-01,eastmoney_fundcode_search
512360,SH,MSCIA股ETF平安,指数型-股票,A股宽基,宽基,宽基（综合）,broad.composite,high,auto_approved,,,1,2023-01-01,eastmoney_fundcode_search
512370,SH,A500增强ETF华夏,指数型-股票,A股宽基,宽基,宽基（大盘）,broad.large,high,auto_approved,,,1,2023-01-01,eastmoney_fundcode_search
512380,SH,MSCI中国ETF银华,指数型-股票,A股宽基,宽基,宽基（综合）,broad.composite,high,auto_approved,,,1,2023-01-01,eastmoney_fundcode_search
512390,SH,中国低波ETF平安,指数型-股票,A股策略,策略,低波动,strategy.low_vol,high,auto_approved,,,1,2023-01-01,eastmoney_fundcode_search
512400,SH,有色金属ETF南方,指数型-股票,A股行业,行业,周期（有色金属）,industry.metals,high,auto_approved,,,1,2023-01-01,eastmoney_fundcode_search
512410,SH,银行ETF广发,指数型-股票,A股行业,行业,金融地产（银行）,industry.bank,high,auto_approved,,,1,2023-01-01,eastmoney_fundcode_search
512420,SH,工程机械ETF华安,指数型-股票,A股行业,行业,制造（机械与高端制造）,industry.manufacturing,high,auto_approved,,,1,2023-01-01,eastmoney_fundcode_search
512430,SH,家居家电ETF华泰柏瑞,指数型-股票,A股行业,行业,消费（家电）,industry.appliance,high,auto_approved,,,1,2023-01-01,eastmoney_fundcode_search
512450,SH,畜牧养殖ETF广发,指数型-股票,A股行业,行业,消费（农林牧渔）,industry.agriculture,high,auto_approved,,,1,2023-01-01,eastmoney_fundcode_search
512460,SH,电池ETF华夏,指数型-股票,A股行业,行业,制造（新能源）,industry.new_energy,high,auto_approved,,,1,2023-01-01,eastmoney_fundcode_search
512480,SH,半导体ETF国联安,指数型-股票,A股行业,行业,科技（半导体）,industry.semiconductor,high,auto_approved,H30184,中证全指半导体产品与设备指数,1,2023-01-01,eastmoney_fundcode_search
512500,SH,中证500ETF华夏,指数型-股票,A股宽基,宽基,宽基（中盘）,broad.mid,high,auto_approved,,,1,2023-01-01,eastmoney_fundcode_search
512510,SH,中证500ETF华泰柏瑞,指数型-股票,A股宽基,宽基,宽基（中盘）,broad.mid,high,auto_approved,,,1,2023-01-01,eastmoney_fundcode_search
512520,SH,MSCI中国ETF华泰柏瑞,指数型-股票,A股宽基,宽基,宽基（综合）,broad.composite,high,auto_approved,,,1,2023-01-01,eastmoney_fundcode_search
512530,SH,沪深300红利ETF建信,指数型-股票,A股宽基,宽基,宽基（大盘）,broad.large,high,auto_approved,,,1,2023-01-01,eastmoney_fundcode_search
512550,SH,富时A50ETF嘉实,指数型-股票,A股宽基,宽基,宽基（大盘）,broad.large,high,auto_approved,,,1,2023-01-01,eastmoney_fundcode_search
512560,SH,军工ETF易方达,指数型-股票,A股行业,行业,制造（国防军工）,industry.defense,high,auto_approved,,,1,2023-01-01,eastmoney_fundcode_search
512570,SH,证券ETF易方达,指数型-股票,A股行业,行业,金融地产（证券）,industry.broker,high,auto_approved,,,1,2023-01-01,eastmoney_fundcode_search
512580,SH,环保ETF广发,指数型-股票,A股行业,行业,公用事业与环保,industry.utility,high,auto_approved,,,1,2023-01-01,eastmoney_fundcode_search
512600,SH,消费ETF嘉实,指数型-股票,A股行业,行业,消费（食品饮料）,industry.consumer,high,auto_approved,,,1,2023-01-01,eastmoney_fundcode_search
512620,SH,农业ETF天弘,指数型-股票,A股行业,行业,消费（农林牧渔）,industry.agriculture,high,auto_approved,,,1,2023-01-01,eastmoney_fundcode_search
512630,SH,卫星ETF广发,指数型-股票,A股行业,行业,制造（国防军工）,industry.defense,high,auto_approved,,,1,2023-01-01,eastmoney_fundcode_search
512640,SH,金融地产ETF嘉实,指数型-股票,A股行业,行业,金融地产（综合）,industry.finance_property,high,auto_approved,,,1,2023-01-01,eastmoney_fundcode_search
512650,SH,长三角ETF汇添富,指数型-股票,A股主题,主题,政策与区域主题,theme.policy,high,auto_approved,,,1,2023-01-01,eastmoney_fundcode_search
512660,SH,军工ETF国泰,指数型-股票,A股行业,行业,制造（国防军工）,industry.defense,high,auto_approved,,,1,2023-01-01,eastmoney_fundcode_search
512670,SH,国防ETF鹏华,指数型-股票,A股行业,行业,制造（国防军工）,industry.defense,high,auto_approved,,,1,2023-01-01,eastmoney_fundcode_search
512680,SH,军工ETF广发,指数型-股票,A股行业,行业,制造（国防军工）,industry.defense,high,auto_approved,,,1,2023-01-01,eastmoney_fundcode_search
512690,SH,酒ETF鹏华,指数型-股票,A股行业,行业,消费（食品饮料）,industry.consumer,high,auto_approved,399997,中证酒指数,1,2023-01-01,eastmoney_fundcode_search
512700,SH,银行ETF南方,指数型-股票,A股行业,行业,金融地产（银行）,industry.bank,high,auto_approved,,,1,2023-01-01,eastmoney_fundcode_search
512710,SH,军工龙头ETF富国,指数型-股票,A股宽基,宽基,宽基（大盘）,broad.large,high,auto_approved,,,1,2023-01-01,eastmoney_fundcode_search
512720,SH,计算机ETF国泰,指数型-股票,A股行业,行业,科技（计算机与AI）,industry.computer_ai,high,auto_approved,,,1,2023-01-01,eastmoney_fundcode_search
512730,SH,银行ETF鹏华,指数型-股票,A股行业,行业,金融地产（银行）,industry.bank,high,auto_approved,,,1,2023-01-01,eastmoney_fundcode_search
512750,SH,基本面50ETF嘉实,指数型-股票,A股策略,策略,其他策略,strategy.other,high,auto_approved,,,1,2023-01-01,eastmoney_fundcode_search
512760,SH,芯片ETF国泰,指数型-股票,A股行业,行业,科技（半导体）,industry.semiconductor,high,auto_approved,,,1,2023-01-01,eastmoney_fundcode_search
512770,SH,战略新兴ETF华夏,指数型-股票,A股主题,主题,政策与区域主题,theme.policy,high,auto_approved,,,1,2023-01-01,eastmoney_fundcode_search
512800,SH,银行ETF华宝,指数型-股票,A股行业,行业,金融地产（银行）,industry.bank,high,auto_approved,,,1,2023-01-01,eastmoney_fundcode_search
512810,SH,军工ETF华宝,指数型-股票,A股行业,行业,制造（国防军工）,industry.defense,high,auto_approved,,,1,2023-01-01,eastmoney_fundcode_search
512820,SH,银行ETF汇添富,指数型-股票,A股行业,行业,金融地产（银行）,industry.bank,high,auto_approved,,,1,2023-01-01,eastmoney_fundcode_search
512870,SH,杭州湾区ETF南华,指数型-股票,A股主题,主题,政策与区域主题,theme.policy,high,auto_approved,,,1,2023-01-01,eastmoney_fundcode_search
512880,SH,证券ETF国泰,指数型-股票,A股行业,行业,金融地产（证券）,industry.broker,high,auto_approved,,,1,2023-01-01,eastmoney_fundcode_search
512890,SH,红利低波ETF华泰柏瑞,指数型-股票,A股策略,策略,红利与高股息,strategy.dividend,high,auto_approved,,,1,2023-01-01,eastmoney_fundcode_search
512900,SH,证券ETF南方,指数型-股票,A股行业,行业,金融地产（证券）,industry.broker,high,auto_approved,,,1,2023-01-01,eastmoney_fundcode_search
512910,SH,A100ETF广发,指数型-股票,A股宽基,宽基,宽基（大盘）,broad.large,high,auto_approved,,,1,2023-01-01,eastmoney_fundcode_search
512930,SH,AI人工智能ETF平安,指数型-股票,A股行业,行业,科技（计算机与AI）,industry.computer_ai,high,auto_approved,,,1,2023-01-01,eastmoney_fundcode_search
512940,SH,有色ETF华安,指数型-股票,A股行业,行业,周期（有色金属）,industry.metals,high,auto_approved,,,1,2023-01-01,eastmoney_fundcode_search
512950,SH,央企改革ETF华夏,指数型-股票,A股主题,主题,政策与区域主题,theme.policy,high,auto_approved,,,1,2023-01-01,eastmoney_fundcode_search
512960,SH,央企结构调整ETF博时,指数型-股票,A股主题,主题,政策与区域主题,theme.policy,high,auto_approved,,,1,2023-01-01,eastmoney_fundcode_search
512970,SH,大湾区ETF平安,指数型-股票,A股主题,主题,政策与区域主题,theme.policy,high,auto_approved,,,1,2023-01-01,eastmoney_fundcode_search
512980,SH,传媒ETF广发,指数型-股票,A股行业,行业,消费（服务与传媒）,industry.services_media,high,auto_approved,,,1,2023-01-01,eastmoney_fundcode_search
512990,SH,MSCIA股ETF华夏,指数型-股票,A股宽基,宽基,宽基（综合）,broad.composite,high,auto_approved,,,1,2023-01-01,eastmoney_fundcode_search
513000,SH,日经225ETF易方达,指数型-海外股票,跨境权益,QDII,日本,asset.overseas,high,auto_approved,,,1,2023-01-01,eastmoney_fundcode_search
513010,SH,恒生科技ETF易方达,指数型-海外股票,跨境权益,QDII,港股,asset.overseas,high,auto_approved,,,1,2023-01-01,eastmoney_fundcode_search
513020,SH,港股科技ETF国泰,指数型-股票,跨境权益,QDII,港股,asset.overseas,high,auto_approved,,,1,2023-01-01,eastmoney_fundcode_search
513030,SH,德国ETF华安,指数型-海外股票,跨境权益,QDII,欧洲,asset.overseas,high,auto_approved,,,1,2023-01-01,eastmoney_fundcode_search
513040,SH,港股通互联网ETF易方达,指数型-股票,跨境权益,QDII,港股,asset.overseas,high,auto_approved,,,1,2023-01-01,eastmoney_fundcode_search
513050,SH,中概互联网ETF易方达,指数型-海外股票,跨境权益,QDII,港股,asset.overseas,high,auto_approved,,,1,2023-01-01,eastmoney_fundcode_search
513060,SH,恒生医疗ETF博时,指数型-海外股票,跨境权益,QDII,港股,asset.overseas,high,auto_approved,,,1,2023-01-01,eastmoney_fundcode_search
513070,SH,港股通消费ETF易方达,指数型-股票,跨境权益,QDII,港股,asset.overseas,high,auto_approved,,,1,2023-01-01,eastmoney_fundcode_search
513080,SH,法国ETF华安,指数型-海外股票,跨境权益,QDII,欧洲,asset.overseas,high,auto_approved,,,1,2023-01-01,eastmoney_fundcode_search
513090,SH,香港证券ETF易方达,指数型-股票,跨境权益,QDII,港股,asset.overseas,high,auto_approved,,,1,2023-01-01,eastmoney_fundcode_search
513100,SH,纳指ETF国泰,指数型-海外股票,跨境权益,QDII,美国,asset.overseas,high,auto_approved,NDX,纳斯达克100指数,1,2023-01-01,eastmoney_fundcode_search
513110,SH,纳指ETF华泰柏瑞,指数型-海外股票,跨境权益,QDII,美国,asset.overseas,high,auto_approved,,,1,2023-01-01,eastmoney_fundcode_search
513120,SH,港股创新药ETF广发,指数型-海外股票,跨境权益,QDII,港股,asset.overseas,high,auto_approved,,,1,2023-01-01,eastmoney_fundcode_search
513130,SH,恒生科技ETF华泰柏瑞,指数型-海外股票,跨境权益,QDII,港股,asset.overseas,high,auto_approved,,,1,2023-01-01,eastmoney_fundcode_search
513140,SH,港股通金融ETF华泰柏瑞,指数型-海外股票,跨境权益,QDII,港股,asset.overseas,high,auto_approved,,,1,2023-01-01,eastmoney_fundcode_search
513150,SH,港股通科技ETF华泰柏瑞,指数型-股票,跨境权益,QDII,港股,asset.overseas,high,auto_approved,,,1,2023-01-01,eastmoney_fundcode_search
513160,SH,港股科技ETF银华,指数型-股票,跨境权益,QDII,港股,asset.overseas,high,auto_approved,,,1,2023-01-01,eastmoney_fundcode_search
513170,SH,恒生央企ETF鹏华,指数型-海外股票,跨境权益,QDII,港股,asset.overseas,high,auto_approved,,,1,2023-01-01,eastmoney_fundcode_search
513180,SH,恒生科技ETF华夏,指数型-海外股票,跨境权益,QDII,港股,asset.overseas,high,auto_approved,,,1,2023-01-01,eastmoney_fundcode_search
513190,SH,港股通金融ETF华夏,指数型-股票,跨境权益,QDII,港股,asset.overseas,high,auto_approved,,,1,2023-01-01,eastmoney_fundcode_search
513200,SH,港股通医药ETF易方达,指数型-股票,跨境权益,QDII,港股,asset.overseas,high,auto_approved,,,1,2023-01-01,eastmoney_fundcode_search
513210,SH,恒生ETF易方达,指数型-海外股票,跨境权益,QDII,港股,asset.overseas,high,auto_approved,,,1,2023-01-01,eastmoney_fundcode_search
513220,SH,中概互联ETF招商,指数型-海外股票,跨境权益,QDII,港股,asset.overseas,high,auto_approved,,,1,2023-01-01,eastmoney_fundcode_search
513230,SH,港股通消费ETF华夏,指数型-股票,跨境权益,QDII,港股,asset.overseas,high,auto_approved,,,1,2023-01-01,eastmoney_fundcode_search
513240,SH,港股通信息技术ETF华安,指数型-股票,跨境权益,QDII,港股,asset.overseas,high,auto_approved,,,1,2023-01-01,eastmoney_fundcode_search
513260,SH,恒生科技ETF汇添富,指数型-海外股票,跨境权益,QDII,港股,asset.overseas,high,auto_approved,,,1,2023-01-01,eastmoney_fundcode_search
513280,SH,恒生生物科技ETF汇添富,指数型-海外股票,跨境权益,QDII,港股,asset.overseas,high,auto_approved,,,1,2023-01-01,eastmoney_fundcode_search
513290,SH,纳指生物科技ETF汇添富,指数型-海外股票,跨境权益,QDII,美国,asset.overseas,high,auto_approved,,,1,2023-01-01,eastmoney_fundcode_search
513300,SH,纳斯达克ETF华夏,指数型-海外股票,跨境权益,QDII,美国,asset.overseas,high,auto_approved,,,1,2023-01-01,eastmoney_fundcode_search
513310,SH,中韩半导体ETF华泰柏瑞,指数型-海外股票,跨境权益,QDII,全球及其他,asset.overseas,high,auto_approved,,,1,2023-01-01,eastmoney_fundcode_search
513320,SH,港股通新经济ETF易方达,指数型-股票,跨境权益,QDII,港股,asset.overseas,high,auto_approved,,,1,2023-01-01,eastmoney_fundcode_search
513330,SH,恒生互联网ETF华夏,指数型-海外股票,跨境权益,QDII,港股,asset.overseas,high,auto_approved,,,1,2023-01-01,eastmoney_fundcode_search
513350,SH,标普油气ETF富国,指数型-海外股票,跨境权益,QDII,美国,asset.overseas,high,auto_approved,,,1,2023-01-01,eastmoney_fundcode_search
513360,SH,教育ETF博时,指数型-海外股票,跨境权益,QDII,全球及其他,asset.overseas,high,auto_approved,,,1,2023-01-01,eastmoney_fundcode_search
513380,SH,恒生科技ETF广发,指数型-海外股票,跨境权益,QDII,港股,asset.overseas,high,auto_approved,,,1,2023-01-01,eastmoney_fundcode_search
513390,SH,纳指100ETF博时,指数型-海外股票,跨境权益,QDII,美国,asset.overseas,high,auto_approved,,,1,2023-01-01,eastmoney_fundcode_search
513400,SH,道琼斯ETF鹏华,指数型-海外股票,跨境权益,QDII,美国,asset.overseas,high,auto_approved,,,1,2023-01-01,eastmoney_fundcode_search
513500,SH,标普500ETF博时,指数型-海外股票,跨境权益,QDII,美国,asset.overseas,high,auto_approved,,,1,2023-01-01,eastmoney_fundcode_search
513520,SH,日经ETF华夏,指数型-海外股票,跨境权益,QDII,日本,asset.overseas,high,auto_approved,,,1,2023-01-01,eastmoney_fundcode_search
513530,SH,港股通红利ETF华泰柏瑞,指数型-海外股票,跨境权益,QDII,港股,asset.overseas,high,auto_approved,,,1,2023-01-01,eastmoney_fundcode_search
513550,SH,港股通50ETF华泰柏瑞,指数型-股票,跨境权益,QDII,港股,asset.overseas,high,auto_approved,,,1,2023-01-01,eastmoney_fundcode_search
513560,SH,香港科技ETF兴银,指数型-股票,跨境权益,QDII,港股,asset.overseas,high,auto_approved,,,1,2023-01-01,eastmoney_fundcode_search
513580,SH,恒生科技ETF华安,指数型-海外股票,跨境权益,QDII,港股,asset.overseas,high,auto_approved,,,1,2023-01-01,eastmoney_fundcode_search
513590,SH,港股通消费ETF鹏华,指数型-股票,跨境权益,QDII,港股,asset.overseas,high,auto_approved,,,1,2023-01-01,eastmoney_fundcode_search
513600,SH,恒生指数ETF南方,指数型-股票,跨境权益,QDII,港股,asset.overseas,high,auto_approved,,,1,2023-01-01,eastmoney_fundcode_search
513620,SH,港股医疗ETF银华,指数型-股票,跨境权益,QDII,港股,asset.overseas,high,auto_approved,,,1,2023-01-01,eastmoney_fundcode_search
513630,SH,港股低波红利ETF摩根,指数型-股票,跨境权益,QDII,港股,asset.overseas,high,auto_approved,,,1,2023-01-01,eastmoney_fundcode_search
513650,SH,标普500ETF南方,指数型-海外股票,跨境权益,QDII,美国,asset.overseas,high,auto_approved,,,1,2023-01-01,eastmoney_fundcode_search
513660,SH,恒生ETF华夏,指数型-股票,跨境权益,QDII,港股,asset.overseas,high,auto_approved,,,1,2023-01-01,eastmoney_fundcode_search
513690,SH,港股红利ETF博时,指数型-股票,跨境权益,QDII,港股,asset.overseas,high,auto_approved,,,1,2023-01-01,eastmoney_fundcode_search
513700,SH,港股通医药ETF鹏华,指数型-股票,跨境权益,QDII,港股,asset.overseas,high,auto_approved,,,1,2023-01-01,eastmoney_fundcode_search
513720,SH,港股互联网ETF国泰,指数型-股票,跨境权益,QDII,港股,asset.overseas,high,auto_approved,,,1,2023-01-01,eastmoney_fundcode_search
513730,SH,东南亚科技ETF华泰柏瑞,指数型-海外股票,跨境权益,QDII,新兴市场,asset.overseas,high,auto_approved,,,1,2023-01-01,eastmoney_fundcode_search
513750,SH,港股通非银ETF广发,指数型-股票,跨境权益,QDII,港股,asset.overseas,high,auto_approved,,,1,2023-01-01,eastmoney_fundcode_search
513770,SH,港股互联网ETF华宝,指数型-股票,跨境权益,QDII,港股,asset.overseas,high,auto_approved,,,1,2023-01-01,eastmoney_fundcode_search
513780,SH,港股创新药ETF景顺,指数型-股票,跨境权益,QDII,港股,asset.overseas,high,auto_approved,,,1,2023-01-01,eastmoney_fundcode_search
513800,SH,日本东证指数ETF南方,指数型-海外股票,跨境权益,QDII,日本,asset.overseas,high,auto_approved,,,1,2023-01-01,eastmoney_fundcode_search
513810,SH,港股国企ETF华夏,指数型-海外股票,跨境权益,QDII,港股,asset.overseas,high,auto_approved,,,1,2023-01-01,eastmoney_fundcode_search
513820,SH,港股通红利ETF汇添富,指数型-股票,跨境权益,QDII,港股,asset.overseas,high,auto_approved,,,1,2023-01-01,eastmoney_fundcode_search
513830,SH,港股通高股息ETF嘉实,指数型-股票,跨境权益,QDII,港股,asset.overseas,high,auto_approved,,,1,2023-01-01,eastmoney_fundcode_search
513850,SH,美国50ETF易方达,指数型-海外股票,跨境权益,QDII,美国,asset.overseas,high,auto_approved,,,1,2023-01-01,eastmoney_fundcode_search
513860,SH,港股通科技ETF海富通,指数型-股票,跨境权益,QDII,港股,asset.overseas,high,auto_approved,,,1,2023-01-01,eastmoney_fundcode_search
513870,SH,纳指ETF富国,指数型-海外股票,跨境权益,QDII,美国,asset.overseas,high,auto_approved,,,1,2023-01-01,eastmoney_fundcode_search
513880,SH,日经225ETF华安,指数型-海外股票,跨境权益,QDII,日本,asset.overseas,high,auto_approved,,,1,2023-01-01,eastmoney_fundcode_search
513890,SH,恒生科技ETF摩根,指数型-海外股票,跨境权益,QDII,港股,asset.overseas,high,auto_approved,,,1,2023-01-01,eastmoney_fundcode_search
513900,SH,港股通100ETF华安,指数型-股票,跨境权益,QDII,港股,asset.overseas,high,auto_approved,,,1,2023-01-01,eastmoney_fundcode_search
513910,SH,港股通央企红利ETF华夏,指数型-股票,跨境权益,QDII,港股,asset.overseas,high,auto_approved,,,1,2023-01-01,eastmoney_fundcode_search
513920,SH,港股通央企红利ETF华安,指数型-股票,跨境权益,QDII,港股,asset.overseas,high,auto_approved,,,1,2023-01-01,eastmoney_fundcode_search
513930,SH,恒生生物科技ETF华泰柏瑞,指数型-股票,跨境权益,QDII,港股,asset.overseas,high,auto_approved,,,1,2023-01-01,eastmoney_fundcode_search
513950,SH,恒生红利ETF富国,指数型-海外股票,跨境权益,QDII,港股,asset.overseas,high,auto_approved,,,1,2023-01-01,eastmoney_fundcode_search
513970,SH,恒生消费ETF景顺,指数型-海外股票,跨境权益,QDII,港股,asset.overseas,high,auto_approved,,,1,2023-01-01,eastmoney_fundcode_search
513980,SH,港股科技ETF景顺,指数型-股票,跨境权益,QDII,港股,asset.overseas,high,auto_approved,,,1,2023-01-01,eastmoney_fundcode_search
513990,SH,港股通ETF招商,指数型-股票,跨境权益,QDII,港股,asset.overseas,high,auto_approved,,,1,2023-01-01,eastmoney_fundcode_search
515000,SH,科技ETF华宝,指数型-股票,A股行业,行业,科技（计算机与AI）,industry.computer_ai,high,auto_approved,,,1,2023-01-01,eastmoney_fundcode_search
515010,SH,证券ETF华夏,指数型-股票,A股行业,行业,金融地产（证券）,industry.broker,high,auto_approved,,,1,2023-01-01,eastmoney_fundcode_search
515020,SH,银行ETF华夏,指数型-股票,A股行业,行业,金融地产（银行）,industry.bank,high,auto_approved,,,1,2023-01-01,eastmoney_fundcode_search
515030,SH,新能源车ETF华夏,指数型-股票,A股行业,行业,消费（汽车）,industry.auto,high,auto_approved,,,1,2023-01-01,eastmoney_fundcode_search
515040,SH,工业有色ETF华夏,指数型-股票,A股行业,行业,制造（机械与高端制造）,industry.manufacturing,high,auto_approved,,,1,2023-01-01,eastmoney_fundcode_search
515050,SH,通信ETF华夏,指数型-股票,A股行业,行业,科技（通信）,industry.telecom,high,auto_approved,,,1,2023-01-01,eastmoney_fundcode_search
515060,SH,房地产ETF华夏,指数型-股票,A股行业,行业,金融地产（综合）,industry.finance_property,high,auto_approved,,,1,2023-01-01,eastmoney_fundcode_search
515070,SH,人工智能ETF华夏,指数型-股票,A股行业,行业,科技（计算机与AI）,industry.computer_ai,high,auto_approved,,,1,2023-01-01,eastmoney_fundcode_search
515080,SH,中证红利ETF招商,指数型-股票,A股策略,策略,红利与高股息,strategy.dividend,high,auto_approved,,,1,2023-01-01,eastmoney_fundcode_search
515090,SH,可持续发展ETF博时,指数型-股票,A股策略,策略,ESG,strategy.esg,high,auto_approved,,,1,2023-01-01,eastmoney_fundcode_search
515100,SH,红利低波100ETF景顺,指数型-股票,A股策略,策略,红利与高股息,strategy.dividend,high,auto_approved,,,1,2023-01-01,eastmoney_fundcode_search
515110,SH,一带一路ETF易方达,指数型-股票,A股主题,主题,政策与区域主题,theme.policy,high,auto_approved,,,1,2023-01-01,eastmoney_fundcode_search
515120,SH,创新药ETF广发,指数型-股票,A股行业,行业,消费（医药生物）,industry.healthcare,high,auto_approved,,,1,2023-01-01,eastmoney_fundcode_search
515130,SH,沪深300ETF博时,指数型-股票,A股宽基,宽基,宽基（大盘）,broad.large,high,auto_approved,,,1,2023-01-01,eastmoney_fundcode_search
515150,SH,一带一路ETF富国,指数型-股票,A股主题,主题,政策与区域主题,theme.policy,high,auto_approved,,,1,2023-01-01,eastmoney_fundcode_search
515160,SH,MSCI中国ETF招商,指数型-股票,A股宽基,宽基,宽基（综合）,broad.composite,high,auto_approved,,,1,2023-01-01,eastmoney_fundcode_search
515170,SH,食品饮料ETF华夏,指数型-股票,A股行业,行业,消费（食品饮料）,industry.consumer,high,auto_approved,,,1,2023-01-01,eastmoney_fundcode_search
515180,SH,红利ETF易方达,指数型-股票,A股策略,策略,红利与高股息,strategy.dividend,high,auto_approved,,,1,2023-01-01,eastmoney_fundcode_search
515190,SH,中证500ETF中银证券,指数型-股票,A股宽基,宽基,宽基（中盘）,broad.mid,high,auto_approved,,,1,2023-01-01,eastmoney_fundcode_search
515200,SH,创新100ETF申万菱信,指数型-股票,A股主题,主题,政策与区域主题,theme.policy,high,auto_approved,,,1,2023-01-01,eastmoney_fundcode_search
515210,SH,钢铁ETF国泰,指数型-股票,A股行业,行业,周期（钢铁）,industry.steel,high,auto_approved,,,1,2023-01-01,eastmoney_fundcode_search
515220,SH,煤炭ETF国泰,指数型-股票,A股行业,行业,周期（煤炭）,industry.coal,high,auto_approved,,,1,2023-01-01,eastmoney_fundcode_search
515230,SH,软件ETF国泰,指数型-股票,A股行业,行业,科技（计算机与AI）,industry.computer_ai,high,auto_approved,,,1,2023-01-01,eastmoney_fundcode_search
515250,SH,智能汽车ETF富国,指数型-股票,A股行业,行业,消费（汽车）,industry.auto,high,auto_approved,,,1,2023-01-01,eastmoney_fundcode_search
515260,SH,电子ETF华宝,指数型-股票,A股行业,行业,科技（电子）,industry.electronics,high,auto_approved,,,1,2023-01-01,eastmoney_fundcode_search
515290,SH,银行ETF天弘,指数型-股票,A股行业,行业,金融地产（银行）,industry.bank,high,auto_approved,,,1,2023-01-01,eastmoney_fundcode_search
515293,SH,银行ETF天弘,指数型-股票,A股行业,行业,金融地产（银行）,industry.bank,high,auto_approved,,,1,2023-01-01,eastmoney_fundcode_search
515300,SH,300红利低波ETF嘉实,指数型-股票,A股策略,策略,红利与高股息,strategy.dividend,high,auto_approved,,,1,2023-01-01,eastmoney_fundcode_search
515310,SH,沪深300ETF汇添富,指数型-股票,A股宽基,宽基,宽基（大盘）,broad.large,high,auto_approved,,,1,2023-01-01,eastmoney_fundcode_search
515320,SH,电子50ETF华安,指数型-股票,A股行业,行业,科技（电子）,industry.electronics,high,auto_approved,,,1,2023-01-01,eastmoney_fundcode_search
515330,SH,沪深300ETF天弘,指数型-股票,A股宽基,宽基,宽基（大盘）,broad.large,high,auto_approved,,,1,2023-01-01,eastmoney_fundcode_search
515350,SH,沪深300ETF民生加银,指数型-股票,A股宽基,宽基,宽基（大盘）,broad.large,high,auto_approved,,,1,2023-01-01,eastmoney_fundcode_search
515360,SH,沪深300ETF方正富邦,指数型-股票,A股宽基,宽基,宽基（大盘）,broad.large,high,auto_approved,,,1,2023-01-01,eastmoney_fundcode_search
515370,SH,光伏ETF华夏,指数型-股票,A股行业,行业,制造（新能源）,industry.new_energy,high,auto_approved,,,1,2023-01-01,eastmoney_fundcode_search
515380,SH,沪深300ETF泰康,指数型-股票,A股宽基,宽基,宽基（大盘）,broad.large,high,auto_approved,,,1,2023-01-01,eastmoney_fundcode_search
515390,SH,沪深300ETF华安,指数型-股票,A股宽基,宽基,宽基（大盘）,broad.large,high,auto_approved,,,1,2023-01-01,eastmoney_fundcode_search
515400,SH,大数据ETF富国,指数型-股票,A股行业,行业,科技（计算机与AI）,industry.computer_ai,high,auto_approved,,,1,2023-01-01,eastmoney_fundcode_search
515450,SH,红利低波50ETF南方,指数型-股票,A股策略,策略,红利与高股息,strategy.dividend,high,auto_approved,,,1,2023-01-01,eastmoney_fundcode_search
515460,SH,红利质量ETF南方,指数型-股票,A股策略,策略,红利与高股息,strategy.dividend,high,auto_approved,,,1,2023-01-01,eastmoney_fundcode_search
515480,SH,红利低波100ETF南方,指数型-股票,A股策略,策略,红利与高股息,strategy.dividend,high,auto_approved,,,1,2023-01-01,eastmoney_fundcode_search
515530,SH,中证500ETF泰康,指数型-股票,A股宽基,宽基,宽基（中盘）,broad.mid,high,auto_approved,,,1,2023-01-01,eastmoney_fundcode_search
515550,SH,中证500ETF国联,指数型-股票,A股宽基,宽基,宽基（中盘）,broad.mid,high,auto_approved,,,1,2023-01-01,eastmoney_fundcode_search
515560,SH,证券ETF建信,指数型-股票,A股行业,行业,金融地产（证券）,industry.broker,high,auto_approved,,,1,2023-01-01,eastmoney_fundcode_search
515580,SH,科技100ETF华泰柏瑞,指数型-股票,A股行业,行业,科技（计算机与AI）,industry.computer_ai,high,auto_approved,,,1,2023-01-01,eastmoney_fundcode_search
515590,SH,500等权ETF前海开源,指数型-股票,A股策略,策略,其他策略,strategy.other,high,auto_approved,,,1,2023-01-01,eastmoney_fundcode_search
515600,SH,央企创新ETF广发,指数型-股票,A股主题,主题,政策与区域主题,theme.policy,high,auto_approved,,,1,2023-01-01,eastmoney_fundcode_search
515630,SH,证券保险ETF鹏华,指数型-股票,A股行业,行业,金融地产（证券）,industry.broker,high,auto_approved,,,1,2023-01-01,eastmoney_fundcode_search
515640,SH,家电ETF华夏,指数型-股票,A股行业,行业,消费（家电）,industry.appliance,high,auto_approved,,,1,2023-01-01,eastmoney_fundcode_search
515650,SH,消费50ETF富国,指数型-股票,A股行业,行业,消费（食品饮料）,industry.consumer,high,auto_approved,,,1,2023-01-01,eastmoney_fundcode_search
515660,SH,沪深300ETF国联安,指数型-股票,A股宽基,宽基,宽基（大盘）,broad.large,high,auto_approved,,,1,2023-01-01,eastmoney_fundcode_search
515680,SH,央企创新ETF嘉实,指数型-股票,A股主题,主题,政策与区域主题,theme.policy,high,auto_approved,,,1,2023-01-01,eastmoney_fundcode_search
515700,SH,新能源车ETF平安,指数型-股票,A股行业,行业,消费（汽车）,industry.auto,high,auto_approved,,,1,2023-01-01,eastmoney_fundcode_search
515710,SH,食品饮料ETF华宝,指数型-股票,A股行业,行业,消费（食品饮料）,industry.consumer,high,auto_approved,,,1,2023-01-01,eastmoney_fundcode_search
515720,SH,金融科技ETF富国,指数型-股票,A股行业,行业,科技（计算机与AI）,industry.computer_ai,high,auto_approved,,,1,2023-01-01,eastmoney_fundcode_search
515730,SH,家居家电ETF永赢,指数型-股票,A股行业,行业,消费（家电）,industry.appliance,high,auto_approved,,,1,2023-01-01,eastmoney_fundcode_search
515750,SH,科技50ETF富国,指数型-股票,A股行业,行业,科技（计算机与AI）,industry.computer_ai,high,auto_approved,,,1,2023-01-01,eastmoney_fundcode_search
515760,SH,浙江国资ETF华夏,指数型-股票,A股主题,主题,政策与区域主题,theme.policy,high,auto_approved,,,1,2023-01-01,eastmoney_fundcode_search
515770,SH,MSCI中国A股ETF摩根,指数型-股票,A股宽基,宽基,宽基（综合）,broad.composite,high,auto_approved,,,1,2023-01-01,eastmoney_fundcode_search
515790,SH,光伏ETF华泰柏瑞,指数型-股票,A股行业,行业,制造（新能源）,industry.new_energy,high,auto_approved,,,1,2023-01-01,eastmoney_fundcode_search
515800,SH,中证800ETF汇添富,指数型-股票,A股宽基,宽基,宽基（综合）,broad.composite,high,auto_approved,,,1,2023-01-01,eastmoney_fundcode_search
515810,SH,中证800ETF易方达,指数型-股票,A股宽基,宽基,宽基（综合）,broad.composite,high,auto_approved,,,1,2023-01-01,eastmoney_fundcode_search
515840,SH,食品ETF南方,指数型-股票,A股行业,行业,消费（食品饮料）,industry.consumer,high,auto_approved,,,1,2023-01-01,eastmoney_fundcode_search
515850,SH,证券ETF富国,指数型-股票,A股行业,行业,金融地产（证券）,industry.broker,high,auto_approved,,,1,2023-01-01,eastmoney_fundcode_search
515860,SH,科技ETF嘉实,指数型-股票,A股行业,行业,科技（计算机与AI）,industry.computer_ai,high,auto_approved,,,1,2023-01-01,eastmoney_fundcode_search
515880,SH,通信ETF国泰,指数型-股票,A股行业,行业,科技（通信）,industry.telecom,high,auto_approved,,,1,2023-01-01,eastmoney_fundcode_search
515890,SH,红利ETF博时,指数型-股票,A股策略,策略,红利与高股息,strategy.dividend,high,auto_approved,,,1,2023-01-01,eastmoney_fundcode_search
515900,SH,央企创新ETF博时,指数型-股票,A股主题,主题,政策与区域主题,theme.policy,high,auto_approved,,,1,2023-01-01,eastmoney_fundcode_search
515910,SH,质量ETF中金,指数型-股票,A股策略,策略,质量与现金流,strategy.quality,high,auto_approved,,,1,2023-01-01,eastmoney_fundcode_search
515920,SH,智能消费ETF博时,指数型-股票,A股行业,行业,消费（食品饮料）,industry.consumer,high,auto_approved,,,1,2023-01-01,eastmoney_fundcode_search
515950,SH,医药50ETF富国,指数型-股票,A股行业,行业,消费（医药生物）,industry.healthcare,high,auto_approved,,,1,2023-01-01,eastmoney_fundcode_search
515960,SH,医药ETF嘉实,指数型-股票,A股行业,行业,消费（医药生物）,industry.healthcare,high,auto_approved,,,1,2023-01-01,eastmoney_fundcode_search
515970,SH,工程机械ETF华夏,指数型-股票,A股行业,行业,制造（机械与高端制造）,industry.manufacturing,high,auto_approved,,,1,2023-01-01,eastmoney_fundcode_search
515980,SH,人工智能ETF华富,指数型-股票,A股行业,行业,科技（计算机与AI）,industry.computer_ai,high,auto_approved,,,1,2023-01-01,eastmoney_fundcode_search
515990,SH,一带一路ETF汇添富,指数型-股票,A股主题,主题,政策与区域主题,theme.policy,high,auto_approved,,,1,2023-01-01,eastmoney_fundcode_search
516000,SH,大数据ETF华夏,指数型-股票,A股行业,行业,科技（计算机与AI）,industry.computer_ai,high,auto_approved,,,1,2023-01-01,eastmoney_fundcode_search
516010,SH,游戏ETF国泰,指数型-股票,A股行业,行业,消费（服务与传媒）,industry.services_media,high,auto_approved,,,1,2023-01-01,eastmoney_fundcode_search
516020,SH,化工ETF华宝,指数型-股票,A股行业,行业,周期（化工与材料）,industry.chemical,high,auto_approved,,,1,2023-01-01,eastmoney_fundcode_search
516050,SH,科技龙头ETF工银,指数型-股票,A股宽基,宽基,宽基（大盘）,broad.large,high,auto_approved,,,1,2023-01-01,eastmoney_fundcode_search
516060,SH,创新药ETF工银,指数型-股票,A股行业,行业,消费（医药生物）,industry.healthcare,high,auto_approved,,,1,2023-01-01,eastmoney_fundcode_search
516070,SH,低碳ETF易方达,指数型-股票,A股行业,行业,制造（新能源）,industry.new_energy,high,auto_approved,,,1,2023-01-01,eastmoney_fundcode_search
516080,SH,创新药ETF易方达,指数型-股票,A股行业,行业,消费（医药生物）,industry.healthcare,high,auto_approved,,,1,2023-01-01,eastmoney_fundcode_search
516090,SH,新能源ETF易方达,指数型-股票,A股行业,行业,制造（新能源）,industry.new_energy,high,auto_approved,,,1,2023-01-01,eastmoney_fundcode_search
516100,SH,金融科技ETF华夏,指数型-股票,A股行业,行业,科技（计算机与AI）,industry.computer_ai,high,auto_approved,,,1,2023-01-01,eastmoney_fundcode_search
516110,SH,汽车ETF国泰,指数型-股票,A股行业,行业,消费（汽车）,industry.auto,high,auto_approved,,,1,2023-01-01,eastmoney_fundcode_search
516120,SH,化工ETF富国,指数型-股票,A股行业,行业,周期（化工与材料）,industry.chemical,high,auto_approved,,,1,2023-01-01,eastmoney_fundcode_search
516130,SH,消费龙头ETF华宝,指数型-股票,A股宽基,宽基,宽基（大盘）,broad.large,high,auto_approved,,,1,2023-01-01,eastmoney_fundcode_search
516150,SH,稀土ETF嘉实,指数型-股票,A股行业,行业,周期（有色金属）,industry.metals,high,auto_approved,,,1,2023-01-01,eastmoney_fundcode_search
516160,SH,新能源ETF南方,指数型-股票,A股行业,行业,制造（新能源）,industry.new_energy,high,auto_approved,,,1,2023-01-01,eastmoney_fundcode_search
516163,SH,新能源ETF南方,指数型-股票,A股行业,行业,制造（新能源）,industry.new_energy,high,auto_approved,,,1,2023-01-01,eastmoney_fundcode_search
516180,SH,光伏ETF平安,指数型-股票,A股行业,行业,制造（新能源）,industry.new_energy,high,auto_approved,,,1,2023-01-01,eastmoney_fundcode_search
516190,SH,传媒ETF华夏,指数型-股票,A股行业,行业,消费（服务与传媒）,industry.services_media,high,auto_approved,,,1,2023-01-01,eastmoney_fundcode_search
516200,SH,证券ETF华安,指数型-股票,A股行业,行业,金融地产（证券）,industry.broker,high,auto_approved,,,1,2023-01-01,eastmoney_fundcode_search
516210,SH,银行ETF华安,指数型-股票,A股行业,行业,金融地产（银行）,industry.bank,high,auto_approved,,,1,2023-01-01,eastmoney_fundcode_search
516220,SH,化工ETF国泰,指数型-股票,A股行业,行业,周期（化工与材料）,industry.chemical,high,auto_approved,,,1,2023-01-01,eastmoney_fundcode_search
516230,SH,光伏ETF招商,指数型-股票,A股行业,行业,制造（新能源）,industry.new_energy,high,auto_approved,,,1,2023-01-01,eastmoney_fundcode_search
516250,SH,工程机械ETF富国,指数型-股票,A股行业,行业,制造（机械与高端制造）,industry.manufacturing,high,auto_approved,,,1,2023-01-01,eastmoney_fundcode_search
516260,SH,物联网ETF华夏,指数型-股票,A股行业,行业,科技（计算机与AI）,industry.computer_ai,high,auto_approved,,,1,2023-01-01,eastmoney_fundcode_search
516270,SH,新能源ETF华安,指数型-股票,A股行业,行业,制造（新能源）,industry.new_energy,high,auto_approved,,,1,2023-01-01,eastmoney_fundcode_search
516290,SH,光伏ETF汇添富,指数型-股票,A股行业,行业,制造（新能源）,industry.new_energy,high,auto_approved,,,1,2023-01-01,eastmoney_fundcode_search
516300,SH,中证1000ETF华泰柏瑞,指数型-股票,A股宽基,宽基,宽基（小盘）,broad.small,high,auto_approved,,,1,2023-01-01,eastmoney_fundcode_search
516310,SH,银行ETF易方达,指数型-股票,A股行业,行业,金融地产（银行）,industry.bank,high,auto_approved,,,1,2023-01-01,eastmoney_fundcode_search
516320,SH,高端装备ETF华夏,指数型-股票,A股行业,行业,制造（机械与高端制造）,industry.manufacturing,high,auto_approved,,,1,2023-01-01,eastmoney_fundcode_search
516330,SH,物联网ETF华泰柏瑞,指数型-股票,A股行业,行业,科技（计算机与AI）,industry.computer_ai,high,auto_approved,,,1,2023-01-01,eastmoney_fundcode_search
516350,SH,芯片ETF易方达,指数型-股票,A股行业,行业,科技（半导体）,industry.semiconductor,high,auto_approved,,,1,2023-01-01,eastmoney_fundcode_search
516360,SH,新材料ETF华宝,指数型-股票,A股行业,行业,周期（化工与材料）,industry.chemical,high,auto_approved,,,1,2023-01-01,eastmoney_fundcode_search
516370,SH,电力ETF汇添富,指数型-股票,A股行业,行业,公用事业与环保,industry.utility,high,auto_approved,,,1,2023-01-01,eastmoney_fundcode_search
516380,SH,智能电动车ETF华宝,指数型-股票,A股行业,行业,制造（新能源）,industry.new_energy,high,auto_approved,,,1,2023-01-01,eastmoney_fundcode_search
516390,SH,新能源车ETF汇添富,指数型-股票,A股行业,行业,消费（汽车）,industry.auto,high,auto_approved,,,1,2023-01-01,eastmoney_fundcode_search
516440,SH,工程机械ETF南方,指数型-股票,A股行业,行业,制造（机械与高端制造）,industry.manufacturing,high,auto_approved,,,1,2023-01-01,eastmoney_fundcode_search
516460,SH,现金流ETF800鹏华,指数型-股票,A股策略,策略,质量与现金流,strategy.quality,high,auto_approved,,,1,2023-01-01,eastmoney_fundcode_search
516500,SH,生物科技ETF华夏,指数型-股票,A股行业,行业,科技（计算机与AI）,industry.computer_ai,high,auto_approved,,,1,2023-01-01,eastmoney_fundcode_search
516510,SH,云计算ETF易方达,指数型-股票,A股行业,行业,科技（计算机与AI）,industry.computer_ai,high,auto_approved,,,1,2023-01-01,eastmoney_fundcode_search
516520,SH,智能驾驶ETF华泰柏瑞,指数型-股票,A股行业,行业,制造（新能源）,industry.new_energy,high,auto_approved,,,1,2023-01-01,eastmoney_fundcode_search
516530,SH,物流ETF银华,指数型-股票,A股行业,行业,交通运输,industry.transport,high,auto_approved,,,1,2023-01-01,eastmoney_fundcode_search
516550,SH,农业ETF嘉实,指数型-股票,A股行业,行业,消费（农林牧渔）,industry.agriculture,high,auto_approved,,,1,2023-01-01,eastmoney_fundcode_search
516560,SH,养老ETF华宝,指数型-股票,A股行业,行业,消费（服务与传媒）,industry.services_media,high,auto_approved,,,1,2023-01-01,eastmoney_fundcode_search
516570,SH,化工行业ETF易方达,指数型-股票,A股行业,行业,周期（化工与材料）,industry.chemical,high,auto_approved,,,1,2023-01-01,eastmoney_fundcode_search
516580,SH,新能源ETF博时,指数型-股票,A股行业,行业,制造（新能源）,industry.new_energy,high,auto_approved,,,1,2023-01-01,eastmoney_fundcode_search
516590,SH,智能汽车ETF易方达,指数型-股票,A股行业,行业,消费（汽车）,industry.auto,high,auto_approved,,,1,2023-01-01,eastmoney_fundcode_search
516600,SH,消费服务ETF工银,指数型-股票,A股行业,行业,消费（服务与传媒）,industry.services_media,high,auto_approved,,,1,2023-01-01,eastmoney_fundcode_search
516610,SH,医疗设备ETF大成,指数型-股票,A股行业,行业,消费（医药生物）,industry.healthcare,high,auto_approved,,,1,2023-01-01,eastmoney_fundcode_search
516620,SH,影视ETF国泰,指数型-股票,A股行业,行业,消费（服务与传媒）,industry.services_media,high,auto_approved,,,1,2023-01-01,eastmoney_fundcode_search
516630,SH,云计算ETF华夏,指数型-股票,A股行业,行业,科技（计算机与AI）,industry.computer_ai,high,auto_approved,,,1,2023-01-01,eastmoney_fundcode_search
516640,SH,芯片ETF富国,指数型-股票,A股行业,行业,科技（半导体）,industry.semiconductor,high,auto_approved,,,1,2023-01-01,eastmoney_fundcode_search
516650,SH,有色金属ETF华夏,指数型-股票,A股行业,行业,周期（有色金属）,industry.metals,high,auto_approved,,,1,2023-01-01,eastmoney_fundcode_search
516660,SH,新能源车ETF华安,指数型-股票,A股行业,行业,消费（汽车）,industry.auto,high,auto_approved,,,1,2023-01-01,eastmoney_fundcode_search
516670,SH,畜牧养殖ETF招商,指数型-股票,A股行业,行业,消费（农林牧渔）,industry.agriculture,high,auto_approved,,,1,2023-01-01,eastmoney_fundcode_search
516700,SH,大数据ETF华宝,指数型-股票,A股行业,行业,科技（计算机与AI）,industry.computer_ai,high,auto_approved,,,1,2023-01-01,eastmoney_fundcode_search
516710,SH,新材料ETF华夏,指数型-股票,A股行业,行业,周期（化工与材料）,industry.chemical,high,auto_approved,,,1,2023-01-01,eastmoney_fundcode_search
516720,SH,ESGETF浦银,指数型-股票,A股策略,策略,ESG,strategy.esg,high,auto_approved,,,1,2023-01-01,eastmoney_fundcode_search
516730,SH,证券ETF浦银,指数型-股票,A股行业,行业,金融地产（证券）,industry.broker,high,auto_approved,,,1,2023-01-01,eastmoney_fundcode_search
516750,SH,建材ETF富国,指数型-股票,A股行业,行业,建筑建材,industry.construction,high,auto_approved,,,1,2023-01-01,eastmoney_fundcode_search
516760,SH,养殖ETF平安,指数型-股票,A股行业,行业,消费（农林牧渔）,industry.agriculture,high,auto_approved,,,1,2023-01-01,eastmoney_fundcode_search
516770,SH,游戏ETF华泰柏瑞,指数型-股票,A股行业,行业,消费（服务与传媒）,industry.services_media,high,auto_approved,,,1,2023-01-01,eastmoney_fundcode_search
516780,SH,稀土ETF华泰柏瑞,指数型-股票,A股行业,行业,周期（有色金属）,industry.metals,high,auto_approved,,,1,2023-01-01,eastmoney_fundcode_search
516790,SH,医疗ETF华泰柏瑞,指数型-股票,A股行业,行业,消费（医药生物）,industry.healthcare,high,auto_approved,,,1,2023-01-01,eastmoney_fundcode_search
516800,SH,智能制造ETF华宝,指数型-股票,A股行业,行业,制造（机械与高端制造）,industry.manufacturing,high,auto_approved,,,1,2023-01-01,eastmoney_fundcode_search
516810,SH,农业ETF华夏,指数型-股票,A股行业,行业,消费（农林牧渔）,industry.agriculture,high,auto_approved,,,1,2023-01-01,eastmoney_fundcode_search
516820,SH,医疗创新ETF平安,指数型-股票,A股行业,行业,消费（医药生物）,industry.healthcare,high,auto_approved,,,1,2023-01-01,eastmoney_fundcode_search
516830,SH,沪深300ESGETF富国,指数型-股票,A股宽基,宽基,宽基（大盘）,broad.large,high,auto_approved,,,1,2023-01-01,eastmoney_fundcode_search
516840,SH,汽车ETF南方,指数型-股票,A股行业,行业,消费（汽车）,industry.auto,high,auto_approved,,,1,2023-01-01,eastmoney_fundcode_search
516850,SH,新能源ETF华夏,指数型-股票,A股行业,行业,制造（新能源）,industry.new_energy,high,auto_approved,,,1,2023-01-01,eastmoney_fundcode_search
516860,SH,金融科技ETF博时,指数型-股票,A股行业,行业,科技（计算机与AI）,industry.computer_ai,high,auto_approved,,,1,2023-01-01,eastmoney_fundcode_search
516880,SH,光伏ETF银华,指数型-股票,A股行业,行业,制造（新能源）,industry.new_energy,high,auto_approved,,,1,2023-01-01,eastmoney_fundcode_search
516890,SH,新材料ETF平安,指数型-股票,A股行业,行业,周期（化工与材料）,industry.chemical,high,auto_approved,,,1,2023-01-01,eastmoney_fundcode_search
516900,SH,食品饮料ETF华安,指数型-股票,A股行业,行业,消费（食品饮料）,industry.consumer,high,auto_approved,,,1,2023-01-01,eastmoney_fundcode_search
516910,SH,物流ETF富国,指数型-股票,A股行业,行业,交通运输,industry.transport,high,auto_approved,,,1,2023-01-01,eastmoney_fundcode_search
516920,SH,芯片ETF汇添富,指数型-股票,A股行业,行业,科技（半导体）,industry.semiconductor,high,auto_approved,,,1,2023-01-01,eastmoney_fundcode_search
516930,SH,生物科技ETF民生加银,指数型-股票,A股行业,行业,科技（计算机与AI）,industry.computer_ai,high,auto_approved,,,1,2023-01-01,eastmoney_fundcode_search
516950,SH,基建ETF银华,指数型-股票,A股行业,行业,建筑建材,industry.construction,high,auto_approved,,,1,2023-01-01,eastmoney_fundcode_search
516960,SH,机械ETF国泰,指数型-股票,A股行业,行业,制造（机械与高端制造）,industry.manufacturing,high,auto_approved,,,1,2023-01-01,eastmoney_fundcode_search
516970,SH,基建ETF广发,指数型-股票,A股行业,行业,建筑建材,industry.construction,high,auto_approved,,,1,2023-01-01,eastmoney_fundcode_search
516980,SH,证券先锋ETF华富,指数型-股票,A股行业,行业,金融地产（证券）,industry.broker,high,auto_approved,,,1,2023-01-01,eastmoney_fundcode_search
517000,SH,沪港深500ETF银华,指数型-股票,跨境权益,QDII,港股,asset.overseas,high,auto_approved,,,1,2023-01-01,eastmoney_fundcode_search
517010,SH,沪港深500ETF易方达,指数型-股票,跨境权益,QDII,港股,asset.overseas,high,auto_approved,,,1,2023-01-01,eastmoney_fundcode_search
517030,SH,沪港深300ETF易方达,指数型-股票,跨境权益,QDII,港股,asset.overseas,high,auto_approved,,,1,2023-01-01,eastmoney_fundcode_search
517050,SH,互联网ETF华泰柏瑞,指数型-股票,A股行业,行业,科技（计算机与AI）,industry.computer_ai,high,auto_approved,,,1,2023-01-01,eastmoney_fundcode_search
517080,SH,沪港深500ETF汇添富,指数型-股票,跨境权益,QDII,港股,asset.overseas,high,auto_approved,,,1,2023-01-01,eastmoney_fundcode_search
517090,SH,央企共赢ETF国泰,指数型-股票,A股主题,主题,政策与区域主题,theme.policy,high,auto_approved,,,1,2023-01-01,eastmoney_fundcode_search
517100,SH,沪港深500ETF富国,指数型-股票,跨境权益,QDII,港股,asset.overseas,high,auto_approved,,,1,2023-01-01,eastmoney_fundcode_search
517110,SH,创新药ETF国泰,指数型-股票,A股行业,行业,消费（医药生物）,industry.healthcare,high,auto_approved,,,1,2023-01-01,eastmoney_fundcode_search
517120,SH,创新药ETF华泰柏瑞,指数型-股票,A股行业,行业,消费（医药生物）,industry.healthcare,high,auto_approved,,,1,2023-01-01,eastmoney_fundcode_search
517130,SH,云计算ETF嘉实,指数型-股票,A股行业,行业,科技（计算机与AI）,industry.computer_ai,high,auto_approved,,,1,2023-01-01,eastmoney_fundcode_search
517160,SH,长江保护ETF南方,指数型-股票,A股主题,主题,政策与区域主题,theme.policy,high,auto_approved,,,1,2023-01-01,eastmoney_fundcode_search
517170,SH,沪港深500ETF华夏,指数型-股票,跨境权益,QDII,港股,asset.overseas,high,auto_approved,,,1,2023-01-01,eastmoney_fundcode_search
517180,SH,中国国企ETF南方,指数型-股票,A股主题,主题,政策与区域主题,theme.policy,high,auto_approved,,,1,2023-01-01,eastmoney_fundcode_search
517200,SH,互联网ETF嘉实,指数型-股票,A股行业,行业,科技（计算机与AI）,industry.computer_ai,high,auto_approved,,,1,2023-01-01,eastmoney_fundcode_search
517230,SH,云计算ETF永赢,指数型-股票,A股行业,行业,科技（计算机与AI）,industry.computer_ai,high,auto_approved,,,1,2023-01-01,eastmoney_fundcode_search
517300,SH,沪港深300ETF国寿,指数型-股票,跨境权益,QDII,港股,asset.overseas,high,auto_approved,,,1,2023-01-01,eastmoney_fundcode_search
517330,SH,长江保护ETF易方达,指数型-股票,A股主题,主题,政策与区域主题,theme.policy,high,auto_approved,,,1,2023-01-01,eastmoney_fundcode_search
517350,SH,沪港深科技ETF广发,指数型-股票,跨境权益,QDII,港股,asset.overseas,high,auto_approved,,,1,2023-01-01,eastmoney_fundcode_search
517360,SH,沪港深科技ETF华安,指数型-股票,跨境权益,QDII,港股,asset.overseas,high,auto_approved,,,1,2023-01-01,eastmoney_fundcode_search
517380,SH,创新药ETF天弘,指数型-股票,A股行业,行业,消费（医药生物）,industry.healthcare,high,auto_approved,,,1,2023-01-01,eastmoney_fundcode_search
517390,SH,云计算ETF天弘,指数型-股票,A股行业,行业,科技（计算机与AI）,industry.computer_ai,high,auto_approved,,,1,2023-01-01,eastmoney_fundcode_search
517400,SH,黄金股ETF国泰,指数型-股票,A股行业,行业,周期（有色金属）,industry.metals,high,auto_approved,,,1,2023-01-01,eastmoney_fundcode_search
517520,SH,黄金股ETF永赢,指数型-股票,A股行业,行业,周期（有色金属）,industry.metals,high,auto_approved,,,1,2023-01-01,eastmoney_fundcode_search
517550,SH,沪港深消费龙头ETF招商,指数型-股票,跨境权益,QDII,港股,asset.overseas,high,auto_approved,,,1,2023-01-01,eastmoney_fundcode_search
517660,SH,物联网ETF天弘,指数型-股票,A股行业,行业,科技（计算机与AI）,industry.computer_ai,high,auto_approved,,,1,2023-01-01,eastmoney_fundcode_search
517770,SH,游戏传媒ETF浦银,指数型-股票,A股行业,行业,消费（服务与传媒）,industry.services_media,high,auto_approved,,,1,2023-01-01,eastmoney_fundcode_search
517800,SH,人工智能50ETF方正富邦,指数型-股票,A股行业,行业,科技（计算机与AI）,industry.computer_ai,high,auto_approved,,,1,2023-01-01,eastmoney_fundcode_search
517850,SH,张江ETF汇添富,指数型-股票,A股主题,主题,政策与区域主题,theme.policy,high,auto_approved,,,1,2023-01-01,eastmoney_fundcode_search
517880,SH,品牌消费ETF华泰柏瑞,指数型-股票,A股行业,行业,消费（食品饮料）,industry.consumer,high,auto_approved,,,1,2023-01-01,eastmoney_fundcode_search
517900,SH,银行AH优选ETF招商,指数型-股票,A股行业,行业,金融地产（银行）,industry.bank,high,auto_approved,,,1,2023-01-01,eastmoney_fundcode_search
517950,SH,沪深港科技50ETF交银,指数型-股票,跨境权益,QDII,港股,asset.overseas,high,auto_approved,,,1,2023-01-01,eastmoney_fundcode_search
517990,SH,沪港深医药ETF招商,指数型-股票,跨境权益,QDII,港股,asset.overseas,high,auto_approved,,,1,2023-01-01,eastmoney_fundcode_search
518600,SH,金ETF广发,指数型-其他,商品,商品,黄金,asset.commodity,high,auto_approved,,,1,2023-01-01,eastmoney_fundcode_search
518660,SH,黄金ETF工银,指数型-其他,商品,商品,黄金,asset.commodity,high,auto_approved,,,1,2023-01-01,eastmoney_fundcode_search
518680,SH,金ETF富国,指数型-其他,商品,商品,黄金,asset.commodity,high,auto_approved,,,1,2023-01-01,eastmoney_fundcode_search
518800,SH,黄金ETF国泰,指数型-其他,商品,商品,黄金,asset.commodity,high,auto_approved,,,1,2023-01-01,eastmoney_fundcode_search
518850,SH,黄金ETF华夏,指数型-其他,商品,商品,黄金,asset.commodity,high,auto_approved,,,1,2023-01-01,eastmoney_fundcode_search
518860,SH,上海金ETF建信,指数型-其他,商品,商品,黄金,asset.commodity,high,auto_approved,,,1,2023-01-01,eastmoney_fundcode_search
518880,SH,黄金ETF华安,指数型-其他,商品,商品,黄金,asset.commodity,high,auto_approved,,,1,2023-01-01,eastmoney_fundcode_search
518890,SH,上海金ETF中银,指数型-其他,商品,商品,黄金,asset.commodity,high,auto_approved,,,1,2023-01-01,eastmoney_fundcode_search
520500,SH,恒生创新药ETF华泰柏瑞,指数型-海外股票,跨境权益,QDII,港股,asset.overseas,high,auto_approved,,,1,2023-01-01,eastmoney_fundcode_search
520510,SH,港股通医疗ETF华夏,指数型-股票,跨境权益,QDII,港股,asset.overseas,high,auto_approved,,,1,2023-01-01,eastmoney_fundcode_search
520520,SH,恒生消费ETF华泰柏瑞,指数型-海外股票,跨境权益,QDII,港股,asset.overseas,high,auto_approved,,,1,2023-01-01,eastmoney_fundcode_search
520530,SH,港股通科技ETF东财,指数型-股票,跨境权益,QDII,港股,asset.overseas,high,auto_approved,,,1,2023-01-01,eastmoney_fundcode_search
520550,SH,港股红利低波ETF招商,指数型-股票,跨境权益,QDII,港股,asset.overseas,high,auto_approved,,,1,2023-01-01,eastmoney_fundcode_search
520560,SH,香港大盘30ETF华宝,指数型-股票,跨境权益,QDII,港股,asset.overseas,high,auto_approved,,,1,2023-01-01,eastmoney_fundcode_search
520570,SH,恒生科技ETF南方,指数型-海外股票,跨境权益,QDII,港股,asset.overseas,high,auto_approved,,,1,2023-01-01,eastmoney_fundcode_search
520580,SH,新兴亚洲ETF招商,指数型-海外股票,跨境权益,QDII,新兴市场,asset.overseas,high,auto_approved,,,1,2023-01-01,eastmoney_fundcode_search
520590,SH,恒生科技ETF鹏华,指数型-海外股票,跨境权益,QDII,港股,asset.overseas,high,auto_approved,,,1,2023-01-01,eastmoney_fundcode_search
520600,SH,港股通汽车ETF广发,指数型-股票,跨境权益,QDII,港股,asset.overseas,high,auto_approved,,,1,2023-01-01,eastmoney_fundcode_search
520610,SH,港股红利低波ETF银华,指数型-股票,跨境权益,QDII,港股,asset.overseas,high,auto_approved,,,1,2023-01-01,eastmoney_fundcode_search
520620,SH,恒生消费ETF嘉实,指数型-股票,跨境权益,QDII,港股,asset.overseas,high,auto_approved,,,1,2023-01-01,eastmoney_fundcode_search
520630,SH,港股通互联网ETF广发,指数型-股票,跨境权益,QDII,港股,asset.overseas,high,auto_approved,,,1,2023-01-01,eastmoney_fundcode_search
520650,SH,港股通互联网ETF南方,指数型-股票,跨境权益,QDII,港股,asset.overseas,high,auto_approved,,,1,2023-01-01,eastmoney_fundcode_search
520660,SH,港股通央企红利ETF南方,指数型-股票,跨境权益,QDII,港股,asset.overseas,high,auto_approved,,,1,2023-01-01,eastmoney_fundcode_search
520670,SH,港股通科技ETF嘉实,指数型-股票,跨境权益,QDII,港股,asset.overseas,high,auto_approved,,,1,2023-01-01,eastmoney_fundcode_search
520680,SH,港股通汽车ETF南方,指数型-股票,跨境权益,QDII,港股,asset.overseas,high,auto_approved,,,1,2023-01-01,eastmoney_fundcode_search
520690,SH,港股创新药ETF博时,指数型-股票,跨境权益,QDII,港股,asset.overseas,high,auto_approved,,,1,2023-01-01,eastmoney_fundcode_search
520700,SH,港股通创新药ETF万家,指数型-股票,跨境权益,QDII,港股,asset.overseas,high,auto_approved,,,1,2023-01-01,eastmoney_fundcode_search
520710,SH,港股通信息技术ETF广发,指数型-股票,跨境权益,QDII,港股,asset.overseas,high,auto_approved,,,1,2023-01-01,eastmoney_fundcode_search
520720,SH,港股汽车ETF国泰,指数型-股票,跨境权益,QDII,港股,asset.overseas,high,auto_approved,,,1,2023-01-01,eastmoney_fundcode_search
520730,SH,港股通汽车ETF万家,指数型-股票,跨境权益,QDII,港股,asset.overseas,high,auto_approved,,,1,2023-01-01,eastmoney_fundcode_search
520740,SH,港股通互联网ETF华安,指数型-股票,跨境权益,QDII,港股,asset.overseas,high,auto_approved,,,1,2023-01-01,eastmoney_fundcode_search
520750,SH,港股通信息ETF华富,指数型-股票,跨境权益,QDII,港股,asset.overseas,high,auto_approved,,,1,2023-01-01,eastmoney_fundcode_search
520760,SH,恒生生物科技ETF摩根,指数型-股票,跨境权益,QDII,港股,asset.overseas,high,auto_approved,,,1,2023-01-01,eastmoney_fundcode_search
520770,SH,恒指港股通ETF建信,指数型-股票,跨境权益,QDII,港股,asset.overseas,high,auto_approved,,,1,2023-01-01,eastmoney_fundcode_search
520780,SH,港股通汽车ETF华宝,指数型-股票,跨境权益,QDII,港股,asset.overseas,high,auto_approved,,,1,2023-01-01,eastmoney_fundcode_search
520790,SH,港股通互联网ETF兴业,指数型-股票,跨境权益,QDII,港股,asset.overseas,high,auto_approved,,,1,2023-01-01,eastmoney_fundcode_search
520810,SH,港股通红利ETF易方达,指数型-股票,跨境权益,QDII,港股,asset.overseas,high,auto_approved,,,1,2023-01-01,eastmoney_fundcode_search
520820,SH,恒指港股通ETF汇添富,指数型-股票,跨境权益,QDII,港股,asset.overseas,high,auto_approved,,,1,2023-01-01,eastmoney_fundcode_search
520830,SH,沙特ETF华泰柏瑞,指数型-海外股票,跨境权益,QDII,新兴市场,asset.overseas,high,auto_approved,,,1,2023-01-01,eastmoney_fundcode_search
520840,SH,港股通恒生科技ETF华安,指数型-股票,跨境权益,QDII,港股,asset.overseas,high,auto_approved,,,1,2023-01-01,eastmoney_fundcode_search
520850,SH,港股通医疗ETF易方达,指数型-股票,跨境权益,QDII,港股,asset.overseas,high,auto_approved,,,1,2023-01-01,eastmoney_fundcode_search
520860,SH,港股通科技ETF富国,指数型-股票,跨境权益,QDII,港股,asset.overseas,high,auto_approved,,,1,2023-01-01,eastmoney_fundcode_search
520870,SH,巴西ETF易方达,指数型-海外股票,跨境权益,QDII,全球及其他,asset.overseas,high,auto_approved,,,1,2023-01-01,eastmoney_fundcode_search
520880,SH,港股通创新药ETF华宝,指数型-股票,跨境权益,QDII,港股,asset.overseas,high,auto_approved,,,1,2023-01-01,eastmoney_fundcode_search
520890,SH,港股通红利低波ETF华泰柏瑞,指数型-股票,跨境权益,QDII,港股,asset.overseas,high,auto_approved,,,1,2023-01-01,eastmoney_fundcode_search
520900,SH,港股通红利ETF广发,指数型-股票,跨境权益,QDII,港股,asset.overseas,high,auto_approved,,,1,2023-01-01,eastmoney_fundcode_search
520910,SH,港股通互联网ETF华夏,指数型-股票,跨境权益,QDII,港股,asset.overseas,high,auto_approved,,,1,2023-01-01,eastmoney_fundcode_search
520920,SH,天弘恒生科技ETF,指数型-海外股票,跨境权益,QDII,港股,asset.overseas,high,auto_approved,,,1,2023-01-01,eastmoney_fundcode_search
520930,SH,恒生生物科技ETF国泰,指数型-股票,跨境权益,QDII,港股,asset.overseas,high,auto_approved,,,1,2023-01-01,eastmoney_fundcode_search
520940,SH,港股通恒生ETF华安,指数型-股票,跨境权益,QDII,港股,asset.overseas,high,auto_approved,,,1,2023-01-01,eastmoney_fundcode_search
520950,SH,港股通50ETF摩根,指数型-股票,跨境权益,QDII,港股,asset.overseas,high,auto_approved,,,1,2023-01-01,eastmoney_fundcode_search
520960,SH,恒指港股通ETF嘉实,指数型-股票,跨境权益,QDII,港股,asset.overseas,high,auto_approved,,,1,2023-01-01,eastmoney_fundcode_search
520970,SH,港股通创新药ETF嘉实,指数型-股票,跨境权益,QDII,港股,asset.overseas,high,auto_approved,,,1,2023-01-01,eastmoney_fundcode_search
520980,SH,港股通科技ETF汇添富,指数型-股票,跨境权益,QDII,港股,asset.overseas,high,auto_approved,,,1,2023-01-01,eastmoney_fundcode_search
520990,SH,港股央企红利ETF景顺,指数型-股票,跨境权益,QDII,港股,asset.overseas,high,auto_approved,,,1,2023-01-01,eastmoney_fundcode_search
526000,SH,港股通信息技术ETF华夏,指数型-股票,跨境权益,QDII,港股,asset.overseas,high,auto_approved,,,1,2023-01-01,eastmoney_fundcode_search
526010,SH,港股通医疗ETF汇添富,指数型-股票,跨境权益,QDII,港股,asset.overseas,high,auto_approved,,,1,2023-01-01,eastmoney_fundcode_search
526030,SH,港股通信息技术ETF汇添富,指数型-股票,跨境权益,QDII,港股,asset.overseas,high,auto_approved,,,1,2023-01-01,eastmoney_fundcode_search
526050,SH,港股通信息技术ETF招商,指数型-股票,跨境权益,QDII,港股,asset.overseas,high,auto_approved,,,1,2023-01-01,eastmoney_fundcode_search
526060,SH,港股通信息技术ETF华泰柏瑞,指数型-股票,跨境权益,QDII,港股,asset.overseas,high,auto_approved,,,1,2023-01-01,eastmoney_fundcode_search
526070,SH,恒指港股通ETF博时,指数型-股票,跨境权益,QDII,港股,asset.overseas,high,auto_approved,,,1,2023-01-01,eastmoney_fundcode_search
530000,SH,上证50ETF天弘,指数型-股票,A股宽基,宽基,宽基（大盘）,broad.large,high,auto_approved,,,1,2023-01-01,eastmoney_fundcode_search
530050,SH,上证50ETF东财,指数型-股票,A股宽基,宽基,宽基（大盘）,broad.large,high,auto_approved,,,1,2023-01-01,eastmoney_fundcode_search
530060,SH,上证指数ETF易方达,指数型-股票,A股宽基,宽基,宽基（综合）,broad.composite,high,auto_approved,,,1,2023-01-01,eastmoney_fundcode_search
530080,SH,上证180ETF天弘,指数型-股票,A股宽基,宽基,宽基（大盘）,broad.large,high,auto_approved,,,1,2023-01-01,eastmoney_fundcode_search
530100,SH,上证580ETF易方达,指数型-股票,A股宽基,宽基,宽基（综合）,broad.composite,high,auto_approved,,,1,2023-01-01,eastmoney_fundcode_search
530180,SH,上证180ETF易方达,指数型-股票,A股宽基,宽基,宽基（大盘）,broad.large,high,auto_approved,,,1,2023-01-01,eastmoney_fundcode_search
530280,SH,上证180ETF平安,指数型-股票,A股宽基,宽基,宽基（大盘）,broad.large,high,auto_approved,,,1,2023-01-01,eastmoney_fundcode_search
530300,SH,上证180ETF华泰柏瑞,指数型-股票,A股宽基,宽基,宽基（大盘）,broad.large,high,auto_approved,,,1,2023-01-01,eastmoney_fundcode_search
530380,SH,上证380ETF易方达,指数型-股票,A股宽基,宽基,宽基（综合）,broad.composite,high,auto_approved,,,1,2023-01-01,eastmoney_fundcode_search
530530,SH,上证580ETF华夏,指数型-股票,A股宽基,宽基,宽基（综合）,broad.composite,high,auto_approved,,,1,2023-01-01,eastmoney_fundcode_search
530580,SH,上证180ETF南方,指数型-股票,A股宽基,宽基,宽基（大盘）,broad.large,high,auto_approved,,,1,2023-01-01,eastmoney_fundcode_search
530680,SH,上证180ETF兴业,指数型-股票,A股宽基,宽基,宽基（大盘）,broad.large,high,auto_approved,,,1,2023-01-01,eastmoney_fundcode_search
530800,SH,上证180ETF银华,指数型-股票,A股宽基,宽基,宽基（大盘）,broad.large,high,auto_approved,,,1,2023-01-01,eastmoney_fundcode_search
530880,SH,红利国企ETF银河,指数型-股票,A股策略,策略,红利与高股息,strategy.dividend,high,auto_approved,,,1,2023-01-01,eastmoney_fundcode_search
551000,SH,科创债ETF博时,指数型-固收,债券,债券,利率债与国债,asset.bond,high,auto_approved,,,1,2023-01-01,eastmoney_fundcode_search
551030,SH,科创债ETF鹏华,指数型-固收,债券,债券,利率债与国债,asset.bond,high,auto_approved,,,1,2023-01-01,eastmoney_fundcode_search
551060,SH,科创债ETF中银,指数型-固收,债券,债券,利率债与国债,asset.bond,high,auto_approved,,,1,2023-01-01,eastmoney_fundcode_search
551300,SH,科创债ETF摩根,指数型-固收,债券,债券,利率债与国债,asset.bond,high,auto_approved,,,1,2023-01-01,eastmoney_fundcode_search
551500,SH,科创债ETF易方达,指数型-固收,债券,债券,利率债与国债,asset.bond,high,auto_approved,,,1,2023-01-01,eastmoney_fundcode_search
551510,SH,科创债ETF华泰柏瑞,指数型-固收,债券,债券,利率债与国债,asset.bond,high,auto_approved,,,1,2023-01-01,eastmoney_fundcode_search
551520,SH,科创债ETF汇添富,指数型-固收,债券,债券,利率债与国债,asset.bond,high,auto_approved,,,1,2023-01-01,eastmoney_fundcode_search
551550,SH,科创债ETF华夏,指数型-固收,债券,债券,利率债与国债,asset.bond,high,auto_approved,,,1,2023-01-01,eastmoney_fundcode_search
551560,SH,科创债ETF兴业,指数型-固收,债券,债券,利率债与国债,asset.bond,high,auto_approved,,,1,2023-01-01,eastmoney_fundcode_search
551580,SH,科创债ETF泰康,指数型-固收,债券,债券,利率债与国债,asset.bond,high,auto_approved,,,1,2023-01-01,eastmoney_fundcode_search
551800,SH,科创债ETF国泰,指数型-固收,债券,债券,利率债与国债,asset.bond,high,auto_approved,,,1,2023-01-01,eastmoney_fundcode_search
551900,SH,科创债ETF招商,指数型-固收,债券,债券,利率债与国债,asset.bond,high,auto_approved,,,1,2023-01-01,eastmoney_fundcode_search
560010,SH,中证1000ETF广发,指数型-股票,A股宽基,宽基,宽基（小盘）,broad.small,high,auto_approved,,,1,2023-01-01,eastmoney_fundcode_search
560020,SH,红利ETF汇添富,指数型-股票,A股策略,策略,红利与高股息,strategy.dividend,high,auto_approved,,,1,2023-01-01,eastmoney_fundcode_search
560030,SH,800价值ETF汇添富,指数型-股票,A股策略,策略,价值,strategy.value,high,auto_approved,,,1,2023-01-01,eastmoney_fundcode_search
560050,SH,中国A50ETF汇添富,指数型-股票,A股宽基,宽基,宽基（大盘）,broad.large,high,auto_approved,,,1,2023-01-01,eastmoney_fundcode_search
560060,SH,碳中和ETF汇添富,指数型-股票,A股行业,行业,公用事业与环保,industry.utility,high,auto_approved,,,1,2023-01-01,eastmoney_fundcode_search
560070,SH,央企红利ETF汇添富,指数型-股票,A股策略,策略,红利与高股息,strategy.dividend,high,auto_approved,,,1,2023-01-01,eastmoney_fundcode_search
560080,SH,中药ETF汇添富,指数型-股票,A股行业,行业,消费（医药生物）,industry.healthcare,high,auto_approved,,,1,2023-01-01,eastmoney_fundcode_search
560090,SH,证券ETF汇添富,指数型-股票,A股行业,行业,金融地产（证券）,industry.broker,high,auto_approved,,,1,2023-01-01,eastmoney_fundcode_search
560100,SH,中证500增强ETF南方,指数型-股票,A股宽基,宽基,宽基（中盘）,broad.mid,high,auto_approved,,,1,2023-01-01,eastmoney_fundcode_search
560110,SH,中证1000ETF汇添富,指数型-股票,A股宽基,宽基,宽基（小盘）,broad.small,high,auto_approved,,,1,2023-01-01,eastmoney_fundcode_search
560120,SH,中证500现金流ETF华夏,指数型-股票,A股宽基,宽基,宽基（中盘）,broad.mid,high,auto_approved,,,1,2023-01-01,eastmoney_fundcode_search
560130,SH,食品ETF鹏华,指数型-股票,A股行业,行业,消费（食品饮料）,industry.consumer,high,auto_approved,,,1,2023-01-01,eastmoney_fundcode_search
560150,SH,红利低波ETF泰康,指数型-股票,A股策略,策略,红利与高股息,strategy.dividend,high,auto_approved,,,1,2023-01-01,eastmoney_fundcode_search
560160,SH,食品ETF易方达,指数型-股票,A股行业,行业,消费（食品饮料）,industry.consumer,high,auto_approved,,,1,2023-01-01,eastmoney_fundcode_search
560170,SH,央企科技ETF南方,指数型-股票,A股行业,行业,科技（计算机与AI）,industry.computer_ai,high,auto_approved,,,1,2023-01-01,eastmoney_fundcode_search
560180,SH,沪深300ESGETF南方,指数型-股票,A股宽基,宽基,宽基（大盘）,broad.large,high,auto_approved,,,1,2023-01-01,eastmoney_fundcode_search
560190,SH,公用事业ETF鹏华,指数型-股票,A股行业,行业,公用事业与环保,industry.utility,high,auto_approved,,,1,2023-01-01,eastmoney_fundcode_search
560210,SH,农牧渔ETF景顺,指数型-股票,A股行业,行业,消费（农林牧渔）,industry.agriculture,high,auto_approved,,,1,2023-01-01,eastmoney_fundcode_search
560220,SH,中证2000ETF广发,指数型-股票,A股宽基,宽基,宽基（小盘）,broad.small,high,auto_approved,,,1,2023-01-01,eastmoney_fundcode_search
560230,SH,光伏ETF富国,指数型-股票,A股行业,行业,制造（新能源）,industry.new_energy,high,auto_approved,,,1,2023-01-01,eastmoney_fundcode_search
560250,SH,红利质量ETF富国,指数型-股票,A股策略,策略,红利与高股息,strategy.dividend,high,auto_approved,,,1,2023-01-01,eastmoney_fundcode_search
560260,SH,医疗ETF广发,指数型-股票,A股行业,行业,消费（医药生物）,industry.healthcare,high,auto_approved,,,1,2023-01-01,eastmoney_fundcode_search
560270,SH,电力ETF工银,指数型-股票,A股行业,行业,公用事业与环保,industry.utility,high,auto_approved,,,1,2023-01-01,eastmoney_fundcode_search
560280,SH,工程机械ETF广发,指数型-股票,A股行业,行业,制造（机械与高端制造）,industry.manufacturing,high,auto_approved,,,1,2023-01-01,eastmoney_fundcode_search
560290,SH,有色ETF景顺,指数型-股票,A股行业,行业,周期（有色金属）,industry.metals,high,auto_approved,,,1,2023-01-01,eastmoney_fundcode_search
560300,SH,电信ETF汇添富,指数型-股票,A股行业,行业,科技（通信）,industry.telecom,high,auto_approved,,,1,2023-01-01,eastmoney_fundcode_search
560310,SH,光伏ETF博时,指数型-股票,A股行业,行业,制造（新能源）,industry.new_energy,high,auto_approved,,,1,2023-01-01,eastmoney_fundcode_search
560320,SH,食品ETF富国,指数型-股票,A股行业,行业,消费（食品饮料）,industry.consumer,high,auto_approved,,,1,2023-01-01,eastmoney_fundcode_search
560330,SH,沪深300价值ETF申万菱信,指数型-股票,A股宽基,宽基,宽基（大盘）,broad.large,high,auto_approved,,,1,2023-01-01,eastmoney_fundcode_search
560350,SH,中证A50ETF摩根,指数型-股票,A股宽基,宽基,宽基（大盘）,broad.large,high,auto_approved,,,1,2023-01-01,eastmoney_fundcode_search
560360,SH,软件ETF万家,指数型-股票,A股行业,行业,科技（计算机与AI）,industry.computer_ai,high,auto_approved,,,1,2023-01-01,eastmoney_fundcode_search
560370,SH,红利质量ETF易方达,指数型-股票,A股策略,策略,红利与高股息,strategy.dividend,high,auto_approved,,,1,2023-01-01,eastmoney_fundcode_search
560380,SH,A100ETF南方,指数型-股票,A股宽基,宽基,宽基（大盘）,broad.large,high,auto_approved,,,1,2023-01-01,eastmoney_fundcode_search
560390,SH,电网设备ETF易方达,指数型-股票,A股行业,行业,制造（新能源）,industry.new_energy,high,auto_approved,,,1,2023-01-01,eastmoney_fundcode_search
560400,SH,证券ETF华泰柏瑞,指数型-股票,A股行业,行业,金融地产（证券）,industry.broker,high,auto_approved,,,1,2023-01-01,eastmoney_fundcode_search
560410,SH,电池ETF鹏华,指数型-股票,A股行业,行业,制造（新能源）,industry.new_energy,high,auto_approved,,,1,2023-01-01,eastmoney_fundcode_search
560420,SH,食品ETF前海开源,指数型-股票,A股行业,行业,消费（食品饮料）,industry.consumer,high,auto_approved,,,1,2023-01-01,eastmoney_fundcode_search
560450,SH,电力ETF天弘,指数型-股票,A股行业,行业,公用事业与环保,industry.utility,high,auto_approved,,,1,2023-01-01,eastmoney_fundcode_search
560460,SH,电力ETF平安,指数型-股票,A股行业,行业,公用事业与环保,industry.utility,high,auto_approved,,,1,2023-01-01,eastmoney_fundcode_search
560470,SH,有色ETF易方达,指数型-股票,A股行业,行业,周期（有色金属）,industry.metals,high,auto_approved,,,1,2023-01-01,eastmoney_fundcode_search
560480,SH,电力ETF招商,指数型-股票,A股行业,行业,公用事业与环保,industry.utility,high,auto_approved,,,1,2023-01-01,eastmoney_fundcode_search
560490,SH,工业有色ETF华泰柏瑞,指数型-股票,A股行业,行业,制造（机械与高端制造）,industry.manufacturing,high,auto_approved,,,1,2023-01-01,eastmoney_fundcode_search
560500,SH,500质量成长ETF鹏扬,指数型-股票,A股策略,策略,质量与现金流,strategy.quality,high,auto_approved,,,1,2023-01-01,eastmoney_fundcode_search
560510,SH,中证A500ETF泰康,指数型-股票,A股宽基,宽基,宽基（大盘）,broad.large,high,auto_approved,,,1,2023-01-01,eastmoney_fundcode_search
560520,SH,红利低波100ETF大成,指数型-股票,A股策略,策略,红利与高股息,strategy.dividend,high,auto_approved,,,1,2023-01-01,eastmoney_fundcode_search
560530,SH,中证A500ETF摩根,指数型-股票,A股宽基,宽基,宽基（大盘）,broad.large,high,auto_approved,,,1,2023-01-01,eastmoney_fundcode_search
560550,SH,碳中和ETF广发,指数型-股票,A股行业,行业,公用事业与环保,industry.utility,high,auto_approved,,,1,2023-01-01,eastmoney_fundcode_search
560560,SH,碳中和ETF泰康,指数型-股票,A股行业,行业,公用事业与环保,industry.utility,high,auto_approved,,,1,2023-01-01,eastmoney_fundcode_search
560570,SH,A500红利ETF国联安,指数型-股票,A股策略,策略,红利与高股息,strategy.dividend,high,auto_approved,,,1,2023-01-01,eastmoney_fundcode_search
560580,SH,电力ETF南方,指数型-股票,A股行业,行业,公用事业与环保,industry.utility,high,auto_approved,,,1,2023-01-01,eastmoney_fundcode_search
560590,SH,中证1000增强ETF鹏华,指数型-股票,A股宽基,宽基,宽基（小盘）,broad.small,high,auto_approved,,,1,2023-01-01,eastmoney_fundcode_search
560610,SH,A500ETF招商,指数型-股票,A股宽基,宽基,宽基（大盘）,broad.large,high,auto_approved,,,1,2023-01-01,eastmoney_fundcode_search
560620,SH,公用事业ETF万家,指数型-股票,A股行业,行业,公用事业与环保,industry.utility,high,auto_approved,,,1,2023-01-01,eastmoney_fundcode_search
560630,SH,机器人ETF万家,指数型-股票,A股行业,行业,科技（计算机与AI）,industry.computer_ai,high,auto_approved,,,1,2023-01-01,eastmoney_fundcode_search
560650,SH,核心50ETF民生加银,指数型-股票,A股宽基,宽基,宽基（大盘）,broad.large,high,auto_approved,,,1,2023-01-01,eastmoney_fundcode_search
560660,SH,云计算50ETF新华,指数型-股票,A股行业,行业,科技（计算机与AI）,industry.computer_ai,high,auto_approved,,,1,2023-01-01,eastmoney_fundcode_search
560670,SH,银行ETF华泰柏瑞,指数型-股票,A股行业,行业,金融地产（银行）,industry.bank,high,auto_approved,,,1,2023-01-01,eastmoney_fundcode_search
560680,SH,消费ETF广发,指数型-股票,A股行业,行业,消费（食品饮料）,industry.consumer,high,auto_approved,,,1,2023-01-01,eastmoney_fundcode_search
560690,SH,电信ETF鹏华,指数型-股票,A股行业,行业,科技（通信）,industry.telecom,high,auto_approved,,,1,2023-01-01,eastmoney_fundcode_search
560700,SH,央企红利ETF广发,指数型-股票,A股策略,策略,红利与高股息,strategy.dividend,high,auto_approved,,,1,2023-01-01,eastmoney_fundcode_search
560710,SH,船舶ETF富国,指数型-股票,A股行业,行业,制造（国防军工）,industry.defense,high,auto_approved,,,1,2023-01-01,eastmoney_fundcode_search
560720,SH,红利低波100ETF工银,指数型-股票,A股策略,策略,红利与高股息,strategy.dividend,high,auto_approved,,,1,2023-01-01,eastmoney_fundcode_search
560730,SH,红利低波ETF国泰海通,指数型-股票,A股策略,策略,红利与高股息,strategy.dividend,high,auto_approved,,,1,2023-01-01,eastmoney_fundcode_search
560750,SH,A500ETF申万菱信,指数型-股票,A股宽基,宽基,宽基（大盘）,broad.large,high,auto_approved,,,1,2023-01-01,eastmoney_fundcode_search
560770,SH,机器人ETF招商,指数型-股票,A股行业,行业,科技（计算机与AI）,industry.computer_ai,high,auto_approved,,,1,2023-01-01,eastmoney_fundcode_search
560780,SH,半导体设备ETF广发,指数型-股票,A股行业,行业,科技（半导体）,industry.semiconductor,high,auto_approved,,,1,2023-01-01,eastmoney_fundcode_search
560790,SH,软件ETF鹏华,指数型-股票,A股行业,行业,科技（计算机与AI）,industry.computer_ai,high,auto_approved,,,1,2023-01-01,eastmoney_fundcode_search
560800,SH,数字经济ETF鹏扬,指数型-股票,A股行业,行业,科技（计算机与AI）,industry.computer_ai,high,auto_approved,,,1,2023-01-01,eastmoney_fundcode_search
560810,SH,央企ESGETF融通,指数型-股票,A股策略,策略,ESG,strategy.esg,high,auto_approved,,,1,2023-01-01,eastmoney_fundcode_search
560820,SH,中证A50ETF新华,指数型-股票,A股宽基,宽基,宽基（大盘）,broad.large,high,auto_approved,,,1,2023-01-01,eastmoney_fundcode_search
560830,SH,电力ETF华夏,指数型-股票,A股行业,行业,公用事业与环保,industry.utility,high,auto_approved,,,1,2023-01-01,eastmoney_fundcode_search
560850,SH,信创ETF汇添富,指数型-股票,A股行业,行业,科技（计算机与AI）,industry.computer_ai,high,auto_approved,,,1,2023-01-01,eastmoney_fundcode_search
560860,SH,工业有色ETF万家,指数型-股票,A股行业,行业,制造（机械与高端制造）,industry.manufacturing,high,auto_approved,,,1,2023-01-01,eastmoney_fundcode_search
560870,SH,工业有色ETF中银,指数型-股票,A股行业,行业,制造（机械与高端制造）,industry.manufacturing,high,auto_approved,,,1,2023-01-01,eastmoney_fundcode_search
560880,SH,家电ETF广发,指数型-股票,A股行业,行业,消费（家电）,industry.appliance,high,auto_approved,,,1,2023-01-01,eastmoney_fundcode_search
560900,SH,创新药ETF摩根,指数型-股票,A股行业,行业,消费（医药生物）,industry.healthcare,high,auto_approved,,,1,2023-01-01,eastmoney_fundcode_search
560910,SH,电池ETF华泰柏瑞,指数型-股票,A股行业,行业,制造（新能源）,industry.new_energy,high,auto_approved,,,1,2023-01-01,eastmoney_fundcode_search
560920,SH,工程机械ETF招商,指数型-股票,A股行业,行业,制造（机械与高端制造）,industry.manufacturing,high,auto_approved,,,1,2023-01-01,eastmoney_fundcode_search
560930,SH,电力ETF易方达,指数型-股票,A股行业,行业,公用事业与环保,industry.utility,high,auto_approved,,,1,2023-01-01,eastmoney_fundcode_search
560950,SH,中证500增强ETF汇添富,指数型-股票,A股宽基,宽基,宽基（中盘）,broad.mid,high,auto_approved,,,1,2023-01-01,eastmoney_fundcode_search
560970,SH,工业有色ETF平安,指数型-股票,A股行业,行业,制造（机械与高端制造）,industry.manufacturing,high,auto_approved,,,1,2023-01-01,eastmoney_fundcode_search
560980,SH,光伏龙头ETF广发,指数型-股票,A股宽基,宽基,宽基（大盘）,broad.large,high,auto_approved,,,1,2023-01-01,eastmoney_fundcode_search
560990,SH,科技先锋ETF中金,指数型-股票,A股行业,行业,科技（计算机与AI）,industry.computer_ai,high,auto_approved,,,1,2023-01-01,eastmoney_fundcode_search
561000,SH,沪深300增强ETF华安,指数型-股票,A股宽基,宽基,宽基（大盘）,broad.large,high,auto_approved,,,1,2023-01-01,eastmoney_fundcode_search
561010,SH,软件ETF华安,指数型-股票,A股行业,行业,科技（计算机与AI）,industry.computer_ai,high,auto_approved,,,1,2023-01-01,eastmoney_fundcode_search
561020,SH,食品ETF招商,指数型-股票,A股行业,行业,消费（食品饮料）,industry.consumer,high,auto_approved,,,1,2023-01-01,eastmoney_fundcode_search
561030,SH,工程机械ETF华泰柏瑞,指数型-股票,A股行业,行业,制造（机械与高端制造）,industry.manufacturing,high,auto_approved,,,1,2023-01-01,eastmoney_fundcode_search
561050,SH,稀有金属ETF易方达,指数型-股票,A股行业,行业,周期（有色金属）,industry.metals,high,auto_approved,,,1,2023-01-01,eastmoney_fundcode_search
561060,SH,国企红利ETF华安,指数型-股票,A股策略,策略,红利与高股息,strategy.dividend,high,auto_approved,,,1,2023-01-01,eastmoney_fundcode_search
561080,SH,全指现金流ETF华安,指数型-股票,A股策略,策略,质量与现金流,strategy.quality,high,auto_approved,,,1,2023-01-01,eastmoney_fundcode_search
561090,SH,A500增强ETF华安,指数型-股票,A股宽基,宽基,宽基（大盘）,broad.large,high,auto_approved,,,1,2023-01-01,eastmoney_fundcode_search
561100,SH,消费电子ETF富国,指数型-股票,A股行业,行业,科技（电子）,industry.electronics,high,auto_approved,,,1,2023-01-01,eastmoney_fundcode_search
561120,SH,家电ETF富国,指数型-股票,A股行业,行业,消费（家电）,industry.appliance,high,auto_approved,,,1,2023-01-01,eastmoney_fundcode_search
561130,SH,国货ETF富国,指数型-股票,A股行业,行业,消费（服务与传媒）,industry.services_media,high,auto_approved,,,1,2023-01-01,eastmoney_fundcode_search
561160,SH,电池ETF富国,指数型-股票,A股行业,行业,制造（新能源）,industry.new_energy,high,auto_approved,,,1,2023-01-01,eastmoney_fundcode_search
561170,SH,绿色电力ETF富国,指数型-股票,A股行业,行业,公用事业与环保,industry.utility,high,auto_approved,,,1,2023-01-01,eastmoney_fundcode_search
561180,SH,A100ETF富国,指数型-股票,A股宽基,宽基,宽基（大盘）,broad.large,high,auto_approved,,,1,2023-01-01,eastmoney_fundcode_search
561190,SH,碳中和ETF富国,指数型-股票,A股行业,行业,公用事业与环保,industry.utility,high,auto_approved,,,1,2023-01-01,eastmoney_fundcode_search
561200,SH,中证A100ETF工银,指数型-股票,A股宽基,宽基,宽基（大盘）,broad.large,high,auto_approved,,,1,2023-01-01,eastmoney_fundcode_search
561220,SH,数字经济ETF工银,指数型-股票,A股行业,行业,科技（计算机与AI）,industry.computer_ai,high,auto_approved,,,1,2023-01-01,eastmoney_fundcode_search
561230,SH,中证A50ETF工银,指数型-股票,A股宽基,宽基,宽基（大盘）,broad.large,high,auto_approved,,,1,2023-01-01,eastmoney_fundcode_search
561250,SH,稀有金属ETF鹏华,指数型-股票,A股行业,行业,周期（有色金属）,industry.metals,high,auto_approved,,,1,2023-01-01,eastmoney_fundcode_search
561260,SH,能源ETF工银,指数型-股票,A股行业,行业,周期（能源）,industry.energy,high,auto_approved,,,1,2023-01-01,eastmoney_fundcode_search
561280,SH,中证1000增强ETF工银,指数型-股票,A股宽基,宽基,宽基（小盘）,broad.small,high,auto_approved,,,1,2023-01-01,eastmoney_fundcode_search
561300,SH,沪深300增强ETF国泰,指数型-股票,A股宽基,宽基,宽基（大盘）,broad.large,high,auto_approved,,,1,2023-01-01,eastmoney_fundcode_search
561310,SH,消电ETF国泰,指数型-股票,A股行业,行业,科技（电子）,industry.electronics,high,auto_approved,,,1,2023-01-01,eastmoney_fundcode_search
561320,SH,交运ETF国泰,指数型-股票,A股行业,行业,交通运输,industry.transport,high,auto_approved,,,1,2023-01-01,eastmoney_fundcode_search
561330,SH,矿业ETF国泰,指数型-股票,A股行业,行业,周期（有色金属）,industry.metals,high,auto_approved,,,1,2023-01-01,eastmoney_fundcode_search
561350,SH,中证500ETF国泰,指数型-股票,A股宽基,宽基,宽基（中盘）,broad.mid,high,auto_approved,,,1,2023-01-01,eastmoney_fundcode_search
561360,SH,石油ETF国泰,指数型-股票,A股行业,行业,周期（能源）,industry.energy,high,auto_approved,,,1,2023-01-01,eastmoney_fundcode_search
561370,SH,中证2000ETF国泰,指数型-股票,A股宽基,宽基,宽基（小盘）,broad.small,high,auto_approved,,,1,2023-01-01,eastmoney_fundcode_search
561380,SH,电网设备ETF国泰,指数型-股票,A股行业,行业,制造（新能源）,industry.new_energy,high,auto_approved,,,1,2023-01-01,eastmoney_fundcode_search
561390,SH,稀有金属ETF平安,指数型-股票,A股行业,行业,周期（有色金属）,industry.metals,high,auto_approved,,,1,2023-01-01,eastmoney_fundcode_search
561400,SH,畜牧养殖ETF鑫元,指数型-股票,A股行业,行业,消费（农林牧渔）,industry.agriculture,high,auto_approved,,,1,2023-01-01,eastmoney_fundcode_search
561410,SH,光伏ETF工银,指数型-股票,A股行业,行业,制造（新能源）,industry.new_energy,high,auto_approved,,,1,2023-01-01,eastmoney_fundcode_search
561420,SH,300现金流ETF汇添富,指数型-股票,A股策略,策略,质量与现金流,strategy.quality,high,auto_approved,,,1,2023-01-01,eastmoney_fundcode_search
561430,SH,红利质量ETF博时,指数型-股票,A股策略,策略,红利与高股息,strategy.dividend,high,auto_approved,,,1,2023-01-01,eastmoney_fundcode_search
561450,SH,红利低波50ETF华泰柏瑞,指数型-股票,A股策略,策略,红利与高股息,strategy.dividend,high,auto_approved,,,1,2023-01-01,eastmoney_fundcode_search
561460,SH,人工智能ETF天弘,指数型-股票,A股行业,行业,科技（计算机与AI）,industry.computer_ai,high,auto_approved,,,1,2023-01-01,eastmoney_fundcode_search
561470,SH,畜牧养殖ETF天弘,指数型-股票,A股行业,行业,消费（农林牧渔）,industry.agriculture,high,auto_approved,,,1,2023-01-01,eastmoney_fundcode_search
561490,SH,红利质量ETF财通,指数型-股票,A股策略,策略,红利与高股息,strategy.dividend,high,auto_approved,,,1,2023-01-01,eastmoney_fundcode_search
561500,SH,漂亮50ETF华泰柏瑞,指数型-股票,A股宽基,宽基,宽基（大盘）,broad.large,high,auto_approved,,,1,2023-01-01,eastmoney_fundcode_search
561510,SH,中药ETF华泰柏瑞,指数型-股票,A股行业,行业,消费（医药生物）,industry.healthcare,high,auto_approved,,,1,2023-01-01,eastmoney_fundcode_search
561530,SH,银行ETF银华,,A股行业,行业,金融地产（银行）,industry.bank,high,auto_approved,,,1,2023-01-01,eastmoney_fundcode_search
561550,SH,中证500增强ETF华泰柏瑞,指数型-股票,A股宽基,宽基,宽基（中盘）,broad.mid,high,auto_approved,,,1,2023-01-01,eastmoney_fundcode_search
561560,SH,电力ETF华泰柏瑞,指数型-股票,A股行业,行业,公用事业与环保,industry.utility,high,auto_approved,,,1,2023-01-01,eastmoney_fundcode_search
561570,SH,油气ETF华泰柏瑞,指数型-股票,A股行业,行业,周期（能源）,industry.energy,high,auto_approved,,,1,2023-01-01,eastmoney_fundcode_search
561580,SH,央企红利ETF华泰柏瑞,指数型-股票,A股策略,策略,红利与高股息,strategy.dividend,high,auto_approved,,,1,2023-01-01,eastmoney_fundcode_search
561590,SH,中证1000增强ETF华泰柏瑞,指数型-股票,A股宽基,宽基,宽基（小盘）,broad.small,high,auto_approved,,,1,2023-01-01,eastmoney_fundcode_search
561600,SH,消费电子ETF平安,指数型-股票,A股行业,行业,科技（电子）,industry.electronics,high,auto_approved,,,1,2023-01-01,eastmoney_fundcode_search
561610,SH,绿色电力ETF鑫元,指数型-股票,A股行业,行业,公用事业与环保,industry.utility,high,auto_approved,,,1,2023-01-01,eastmoney_fundcode_search
561620,SH,化工ETF华泰柏瑞,指数型-股票,A股行业,行业,周期（化工与材料）,industry.chemical,high,auto_approved,,,1,2023-01-01,eastmoney_fundcode_search
561630,SH,红利质量ETF华泰柏瑞,指数型-股票,A股策略,策略,红利与高股息,strategy.dividend,high,auto_approved,,,1,2023-01-01,eastmoney_fundcode_search
561660,SH,通用航空ETF平安,指数型-股票,A股行业,行业,制造（国防军工）,industry.defense,high,auto_approved,,,1,2023-01-01,eastmoney_fundcode_search
561680,SH,A500红利低波ETF平安,指数型-股票,A股策略,策略,红利与高股息,strategy.dividend,high,auto_approved,,,1,2023-01-01,eastmoney_fundcode_search
561700,SH,电力ETF博时,指数型-股票,A股行业,行业,公用事业与环保,industry.utility,high,auto_approved,,,1,2023-01-01,eastmoney_fundcode_search
561730,SH,A股ETF华夏,指数型-股票,A股宽基,宽基,宽基（综合）,broad.composite,high,auto_approved,,,1,2023-01-01,eastmoney_fundcode_search
561750,SH,A50ETF博时,指数型-股票,A股宽基,宽基,宽基（大盘）,broad.large,high,auto_approved,,,1,2023-01-01,eastmoney_fundcode_search
561760,SH,油气ETF博时,指数型-股票,A股行业,行业,周期（能源）,industry.energy,high,auto_approved,,,1,2023-01-01,eastmoney_fundcode_search
561770,SH,A100ETF博时,指数型-股票,A股宽基,宽基,宽基（大盘）,broad.large,high,auto_approved,,,1,2023-01-01,eastmoney_fundcode_search
561780,SH,1000增强ETF博时,指数型-股票,A股宽基,宽基,宽基（小盘）,broad.small,high,auto_approved,,,1,2023-01-01,eastmoney_fundcode_search
561790,SH,央企能源ETF博时,指数型-股票,A股行业,行业,周期（能源）,industry.energy,high,auto_approved,,,1,2023-01-01,eastmoney_fundcode_search
561800,SH,稀有金属ETF华富,指数型-股票,A股行业,行业,周期（有色金属）,industry.metals,high,auto_approved,,,1,2023-01-01,eastmoney_fundcode_search
561810,SH,医疗器械ETF华泰柏瑞,指数型-股票,A股行业,行业,消费（医药生物）,industry.healthcare,high,auto_approved,,,1,2023-01-01,eastmoney_fundcode_search
561870,SH,现金流全指ETF华富,指数型-股票,A股宽基,宽基,宽基（综合）,broad.composite,high,auto_approved,,,1,2023-01-01,eastmoney_fundcode_search
561880,SH,A100ETF华富,指数型-股票,A股宽基,宽基,宽基（大盘）,broad.large,high,auto_approved,,,1,2023-01-01,eastmoney_fundcode_search
561890,SH,A股ETF易方达,指数型-股票,A股宽基,宽基,宽基（综合）,broad.composite,high,auto_approved,,,1,2023-01-01,eastmoney_fundcode_search
561900,SH,沪深300ESGETF招商,指数型-股票,A股宽基,宽基,宽基（大盘）,broad.large,high,auto_approved,,,1,2023-01-01,eastmoney_fundcode_search
561910,SH,电池ETF招商,指数型-股票,A股行业,行业,制造（新能源）,industry.new_energy,high,auto_approved,,,1,2023-01-01,eastmoney_fundcode_search
561920,SH,疫苗ETF招商,指数型-股票,A股行业,行业,消费（医药生物）,industry.healthcare,high,auto_approved,,,1,2023-01-01,eastmoney_fundcode_search
561930,SH,沪深300ETF招商,指数型-股票,A股宽基,宽基,宽基（大盘）,broad.large,high,auto_approved,,,1,2023-01-01,eastmoney_fundcode_search
561950,SH,中证500增强ETF招商,指数型-股票,A股宽基,宽基,宽基（中盘）,broad.mid,high,auto_approved,,,1,2023-01-01,eastmoney_fundcode_search
561960,SH,央企回报ETF招商,指数型-股票,A股主题,主题,政策与区域主题,theme.policy,high,auto_approved,,,1,2023-01-01,eastmoney_fundcode_search
561980,SH,半导体设备ETF招商,指数型-股票,A股行业,行业,科技（半导体）,industry.semiconductor,high,auto_approved,,,1,2023-01-01,eastmoney_fundcode_search
561990,SH,沪深300增强ETF招商,指数型-股票,A股宽基,宽基,宽基（大盘）,broad.large,high,auto_approved,,,1,2023-01-01,eastmoney_fundcode_search
562000,SH,A100ETF华宝,指数型-股票,A股宽基,宽基,宽基（大盘）,broad.large,high,auto_approved,,,1,2023-01-01,eastmoney_fundcode_search
562010,SH,绿色能源ETF华宝,指数型-股票,A股行业,行业,周期（能源）,industry.energy,high,auto_approved,,,1,2023-01-01,eastmoney_fundcode_search
562030,SH,信创ETF华宝,指数型-股票,A股行业,行业,科技（计算机与AI）,industry.computer_ai,high,auto_approved,,,1,2023-01-01,eastmoney_fundcode_search
562050,SH,药ETF华宝,指数型-股票,A股行业,行业,消费（医药生物）,industry.healthcare,high,auto_approved,,,1,2023-01-01,eastmoney_fundcode_search
562060,SH,标普A股红利ETF华宝,指数型-股票,跨境权益,QDII,美国,asset.overseas,high,auto_approved,,,1,2023-01-01,eastmoney_fundcode_search
562070,SH,沪深300指增ETF华宝,指数型-股票,A股宽基,宽基,宽基（大盘）,broad.large,high,auto_approved,,,1,2023-01-01,eastmoney_fundcode_search
562080,SH,300现金流ETF华宝,指数型-股票,A股策略,策略,质量与现金流,strategy.quality,high,auto_approved,,,1,2023-01-01,eastmoney_fundcode_search
562170,SH,沪深300现金流ETF易方达,指数型-股票,A股宽基,宽基,宽基（大盘）,broad.large,high,auto_approved,,,1,2023-01-01,eastmoney_fundcode_search
562300,SH,碳中和ETF银华,指数型-股票,A股行业,行业,公用事业与环保,industry.utility,high,auto_approved,,,1,2023-01-01,eastmoney_fundcode_search
562310,SH,沪深300成长ETF银华,指数型-股票,A股宽基,宽基,宽基（大盘）,broad.large,high,auto_approved,,,1,2023-01-01,eastmoney_fundcode_search
562320,SH,沪深300价值ETF银华,指数型-股票,A股宽基,宽基,宽基（大盘）,broad.large,high,auto_approved,,,1,2023-01-01,eastmoney_fundcode_search
562330,SH,中证500价值ETF银华,指数型-股票,A股宽基,宽基,宽基（中盘）,broad.mid,high,auto_approved,,,1,2023-01-01,eastmoney_fundcode_search
562340,SH,中证500成长ETF银华,指数型-股票,A股宽基,宽基,宽基（中盘）,broad.mid,high,auto_approved,,,1,2023-01-01,eastmoney_fundcode_search
562350,SH,电力ETF银华,指数型-股票,A股行业,行业,公用事业与环保,industry.utility,high,auto_approved,,,1,2023-01-01,eastmoney_fundcode_search
562360,SH,机器人ETF银华,指数型-股票,A股行业,行业,科技（计算机与AI）,industry.computer_ai,high,auto_approved,,,1,2023-01-01,eastmoney_fundcode_search
562380,SH,央企科技ETF银华,指数型-股票,A股行业,行业,科技（计算机与AI）,industry.computer_ai,high,auto_approved,,,1,2023-01-01,eastmoney_fundcode_search
562390,SH,中药ETF银华,指数型-股票,A股行业,行业,消费（医药生物）,industry.healthcare,high,auto_approved,,,1,2023-01-01,eastmoney_fundcode_search
562500,SH,机器人ETF华夏,指数型-股票,A股行业,行业,科技（计算机与AI）,industry.computer_ai,high,auto_approved,,,1,2023-01-01,eastmoney_fundcode_search
562510,SH,旅游ETF华夏,指数型-股票,A股行业,行业,消费（服务与传媒）,industry.services_media,high,auto_approved,,,1,2023-01-01,eastmoney_fundcode_search
562520,SH,中证1000成长ETF华夏,指数型-股票,A股宽基,宽基,宽基（小盘）,broad.small,high,auto_approved,,,1,2023-01-01,eastmoney_fundcode_search
562530,SH,中证1000价值ETF华夏,指数型-股票,A股宽基,宽基,宽基（小盘）,broad.small,high,auto_approved,,,1,2023-01-01,eastmoney_fundcode_search
562550,SH,绿电ETF华夏,指数型-股票,A股行业,行业,制造（新能源）,industry.new_energy,high,auto_approved,,,1,2023-01-01,eastmoney_fundcode_search
562560,SH,信息技术ETF华夏,指数型-股票,A股行业,行业,科技（计算机与AI）,industry.computer_ai,high,auto_approved,,,1,2023-01-01,eastmoney_fundcode_search
562570,SH,信创ETF华夏,指数型-股票,A股行业,行业,科技（计算机与AI）,industry.computer_ai,high,auto_approved,,,1,2023-01-01,eastmoney_fundcode_search
562580,SH,可选消费ETF华夏,指数型-股票,A股行业,行业,消费（食品饮料）,industry.consumer,high,auto_approved,,,1,2023-01-01,eastmoney_fundcode_search
562590,SH,半导体设备ETF华夏,指数型-股票,A股行业,行业,科技（半导体）,industry.semiconductor,high,auto_approved,,,1,2023-01-01,eastmoney_fundcode_search
562600,SH,医疗器械ETF华夏,指数型-股票,A股行业,行业,消费（医药生物）,industry.healthcare,high,auto_approved,,,1,2023-01-01,eastmoney_fundcode_search
562660,SH,中证2000ETF华夏,指数型-股票,A股宽基,宽基,宽基（小盘）,broad.small,high,auto_approved,,,1,2023-01-01,eastmoney_fundcode_search
562700,SH,汽车零部件ETF华夏,指数型-股票,A股行业,行业,消费（汽车）,industry.auto,high,auto_approved,,,1,2023-01-01,eastmoney_fundcode_search
562800,SH,稀有金属ETF嘉实,指数型-股票,A股行业,行业,周期（有色金属）,industry.metals,high,auto_approved,,,1,2023-01-01,eastmoney_fundcode_search
562810,SH,上证指数增强ETF嘉实,指数型-股票,A股宽基,宽基,宽基（综合）,broad.composite,high,auto_approved,,,1,2023-01-01,eastmoney_fundcode_search
562820,SH,集成电路ETF嘉实,指数型-股票,A股行业,行业,科技（半导体）,industry.semiconductor,high,auto_approved,,,1,2023-01-01,eastmoney_fundcode_search
562850,SH,央企能源ETF嘉实,指数型-股票,A股行业,行业,周期（能源）,industry.energy,high,auto_approved,,,1,2023-01-01,eastmoney_fundcode_search
562860,SH,疫苗ETF嘉实,指数型-股票,A股行业,行业,消费（医药生物）,industry.healthcare,high,auto_approved,,,1,2023-01-01,eastmoney_fundcode_search
562870,SH,证券ETF嘉实,指数型-股票,A股行业,行业,金融地产（证券）,industry.broker,high,auto_approved,,,1,2023-01-01,eastmoney_fundcode_search
562880,SH,电池ETF嘉实,指数型-股票,A股行业,行业,制造（新能源）,industry.new_energy,high,auto_approved,,,1,2023-01-01,eastmoney_fundcode_search
562890,SH,A50ETF嘉实,指数型-股票,A股宽基,宽基,宽基（大盘）,broad.large,high,auto_approved,,,1,2023-01-01,eastmoney_fundcode_search
562900,SH,农业ETF易方达,指数型-股票,A股行业,行业,消费（农林牧渔）,industry.agriculture,high,auto_approved,,,1,2023-01-01,eastmoney_fundcode_search
562910,SH,高端制造ETF易方达,指数型-股票,A股行业,行业,制造（机械与高端制造）,industry.manufacturing,high,auto_approved,,,1,2023-01-01,eastmoney_fundcode_search
562920,SH,信息安全ETF易方达,指数型-股票,A股行业,行业,科技（计算机与AI）,industry.computer_ai,high,auto_approved,,,1,2023-01-01,eastmoney_fundcode_search
562930,SH,软件ETF易方达,指数型-股票,A股行业,行业,科技（计算机与AI）,industry.computer_ai,high,auto_approved,,,1,2023-01-01,eastmoney_fundcode_search
562950,SH,消费电子ETF易方达,指数型-股票,A股行业,行业,科技（电子）,industry.electronics,high,auto_approved,,,1,2023-01-01,eastmoney_fundcode_search
562960,SH,绿色电力ETF易方达,指数型-股票,A股行业,行业,公用事业与环保,industry.utility,high,auto_approved,,,1,2023-01-01,eastmoney_fundcode_search
562970,SH,光伏ETF易方达,指数型-股票,A股行业,行业,制造（新能源）,industry.new_energy,high,auto_approved,,,1,2023-01-01,eastmoney_fundcode_search
562990,SH,碳中和ETF易方达,指数型-股票,A股行业,行业,公用事业与环保,industry.utility,high,auto_approved,,,1,2023-01-01,eastmoney_fundcode_search
563000,SH,中国A50ETF易方达,指数型-股票,A股宽基,宽基,宽基（大盘）,broad.large,high,auto_approved,,,1,2023-01-01,eastmoney_fundcode_search
563010,SH,电信ETF易方达,指数型-股票,A股行业,行业,科技（通信）,industry.telecom,high,auto_approved,,,1,2023-01-01,eastmoney_fundcode_search
563020,SH,红利低波ETF易方达,指数型-股票,A股策略,策略,红利与高股息,strategy.dividend,high,auto_approved,,,1,2023-01-01,eastmoney_fundcode_search
563030,SH,中证500增强ETF易方达,指数型-股票,A股宽基,宽基,宽基（中盘）,broad.mid,high,auto_approved,,,1,2023-01-01,eastmoney_fundcode_search
563050,SH,央企科技ETF易方达,指数型-股票,A股行业,行业,科技（计算机与AI）,industry.computer_ai,high,auto_approved,,,1,2023-01-01,eastmoney_fundcode_search
563060,SH,央企50ETF易方达,指数型-股票,A股主题,主题,政策与区域主题,theme.policy,high,auto_approved,,,1,2023-01-01,eastmoney_fundcode_search
563080,SH,中证A50ETF易方达,指数型-股票,A股宽基,宽基,宽基（大盘）,broad.large,high,auto_approved,,,1,2023-01-01,eastmoney_fundcode_search
563090,SH,上证50增强ETF易方达,指数型-股票,A股宽基,宽基,宽基（大盘）,broad.large,high,auto_approved,,,1,2023-01-01,eastmoney_fundcode_search
563150,SH,油气ETF银华,指数型-股票,A股行业,行业,周期（能源）,industry.energy,high,auto_approved,,,1,2023-01-01,eastmoney_fundcode_search
563180,SH,高股息ETF银华,指数型-股票,A股策略,策略,红利与高股息,strategy.dividend,high,auto_approved,,,1,2023-01-01,eastmoney_fundcode_search
563200,SH,中证2000ETF富国,指数型-股票,A股宽基,宽基,宽基（小盘）,broad.small,high,auto_approved,,,1,2023-01-01,eastmoney_fundcode_search
563210,SH,专精特新ETF富国,指数型-股票,A股行业,行业,制造（机械与高端制造）,industry.manufacturing,high,auto_approved,,,1,2023-01-01,eastmoney_fundcode_search
563220,SH,A500ETF富国,指数型-股票,A股宽基,宽基,宽基（大盘）,broad.large,high,auto_approved,,,1,2023-01-01,eastmoney_fundcode_search
563230,SH,卫星ETF富国,指数型-股票,A股行业,行业,制造（国防军工）,industry.defense,high,auto_approved,,,1,2023-01-01,eastmoney_fundcode_search
563280,SH,A50增强ETF富国,指数型-股票,A股宽基,宽基,宽基（大盘）,broad.large,high,auto_approved,,,1,2023-01-01,eastmoney_fundcode_search
563300,SH,中证2000ETF华泰柏瑞,指数型-股票,A股宽基,宽基,宽基（小盘）,broad.small,high,auto_approved,,,1,2023-01-01,eastmoney_fundcode_search
563320,SH,通用航空ETF华泰柏瑞,指数型-股票,A股行业,行业,制造（国防军工）,industry.defense,high,auto_approved,,,1,2023-01-01,eastmoney_fundcode_search
563330,SH,A股ETF华泰柏瑞,指数型-股票,A股宽基,宽基,宽基（综合）,broad.composite,high,auto_approved,,,1,2023-01-01,eastmoney_fundcode_search
563350,SH,A50ETF华泰柏瑞,指数型-股票,A股宽基,宽基,宽基（大盘）,broad.large,high,auto_approved,,,1,2023-01-01,eastmoney_fundcode_search
563360,SH,A500ETF华泰柏瑞,指数型-股票,A股宽基,宽基,宽基（大盘）,broad.large,high,auto_approved,,,1,2023-01-01,eastmoney_fundcode_search
563380,SH,航空航天ETF华泰柏瑞,指数型-股票,A股行业,行业,制造（国防军工）,industry.defense,high,auto_approved,,,1,2023-01-01,eastmoney_fundcode_search
563390,SH,全指现金流ETF华泰柏瑞,指数型-股票,A股策略,策略,质量与现金流,strategy.quality,high,auto_approved,,,1,2023-01-01,eastmoney_fundcode_search
563500,SH,A500ETF华宝,指数型-股票,A股宽基,宽基,宽基（大盘）,broad.large,high,auto_approved,,,1,2023-01-01,eastmoney_fundcode_search
563510,SH,A500红利低波ETF易方达,指数型-股票,A股策略,策略,红利与高股息,strategy.dividend,high,auto_approved,,,1,2023-01-01,eastmoney_fundcode_search
563520,SH,沪深300ETF永赢,指数型-股票,A股宽基,宽基,宽基（大盘）,broad.large,high,auto_approved,,,1,2023-01-01,eastmoney_fundcode_search
563530,SH,卫星ETF易方达,指数型-股票,A股行业,行业,制造（国防军工）,industry.defense,high,auto_approved,,,1,2023-01-01,eastmoney_fundcode_search
563550,SH,A500增强ETF摩根,指数型-股票,A股宽基,宽基,宽基（大盘）,broad.large,high,auto_approved,,,1,2023-01-01,eastmoney_fundcode_search
563560,SH,科技成长ETF兴业,指数型-股票,A股策略,策略,成长,strategy.growth,high,auto_approved,,,1,2023-01-01,eastmoney_fundcode_search
563570,SH,金融科技ETF兴业,指数型-股票,A股行业,行业,科技（计算机与AI）,industry.computer_ai,high,auto_approved,,,1,2023-01-01,eastmoney_fundcode_search
563580,SH,自由现金流800ETF万家,指数型-股票,A股策略,策略,质量与现金流,strategy.quality,high,auto_approved,,,1,2023-01-01,eastmoney_fundcode_search
563590,SH,A500红利低波动ETF国寿,指数型-股票,A股策略,策略,红利与高股息,strategy.dividend,high,auto_approved,,,1,2023-01-01,eastmoney_fundcode_search
563600,SH,A500增强ETF易方达,指数型-股票,A股宽基,宽基,宽基（大盘）,broad.large,high,auto_approved,,,1,2023-01-01,eastmoney_fundcode_search
563620,SH,全指现金流ETF兴业,指数型-股票,A股策略,策略,质量与现金流,strategy.quality,high,auto_approved,,,1,2023-01-01,eastmoney_fundcode_search
563630,SH,A500增强ETF国联安,指数型-股票,A股宽基,宽基,宽基（大盘）,broad.large,high,auto_approved,,,1,2023-01-01,eastmoney_fundcode_search
563650,SH,中证A500ETF兴业,指数型-股票,A股宽基,宽基,宽基（大盘）,broad.large,high,auto_approved,,,1,2023-01-01,eastmoney_fundcode_search
563660,SH,A500ETF银河,指数型-股票,A股宽基,宽基,宽基（大盘）,broad.large,high,auto_approved,,,1,2023-01-01,eastmoney_fundcode_search
563670,SH,金融科技ETF鹏华,指数型-股票,A股行业,行业,科技（计算机与AI）,industry.computer_ai,high,auto_approved,,,1,2023-01-01,eastmoney_fundcode_search
563680,SH,800现金流ETF汇添富,指数型-股票,A股策略,策略,质量与现金流,strategy.quality,high,auto_approved,,,1,2023-01-01,eastmoney_fundcode_search
563690,SH,红利低波ETF永赢,指数型-股票,A股策略,策略,红利与高股息,strategy.dividend,high,auto_approved,,,1,2023-01-01,eastmoney_fundcode_search
563700,SH,红利价值ETF易方达,指数型-股票,A股策略,策略,红利与高股息,strategy.dividend,high,auto_approved,,,1,2023-01-01,eastmoney_fundcode_search
563750,SH,中证500ETF汇添富,指数型-股票,A股宽基,宽基,宽基（中盘）,broad.mid,high,auto_approved,,,1,2023-01-01,eastmoney_fundcode_search
563760,SH,全指现金流ETF中银,指数型-股票,A股策略,策略,质量与现金流,strategy.quality,high,auto_approved,,,1,2023-01-01,eastmoney_fundcode_search
563770,SH,全指现金流ETF招商,指数型-股票,A股策略,策略,质量与现金流,strategy.quality,high,auto_approved,,,1,2023-01-01,eastmoney_fundcode_search
563780,SH,现金流全指ETF方正富邦,指数型-股票,A股宽基,宽基,宽基（综合）,broad.composite,high,auto_approved,,,1,2023-01-01,eastmoney_fundcode_search
563790,SH,卫星ETF鹏华,指数型-股票,A股行业,行业,制造（国防军工）,industry.defense,high,auto_approved,,,1,2023-01-01,eastmoney_fundcode_search
563800,SH,A500ETF广发,指数型-股票,A股宽基,宽基,宽基（大盘）,broad.large,high,auto_approved,,,1,2023-01-01,eastmoney_fundcode_search
563830,SH,全指现金流ETF博时,指数型-股票,A股策略,策略,质量与现金流,strategy.quality,high,auto_approved,,,1,2023-01-01,eastmoney_fundcode_search
563850,SH,食品ETF广发,指数型-股票,A股行业,行业,消费（食品饮料）,industry.consumer,high,auto_approved,,,1,2023-01-01,eastmoney_fundcode_search
563860,SH,中证A500ETF海富通,指数型-股票,A股宽基,宽基,宽基（大盘）,broad.large,high,auto_approved,,,1,2023-01-01,eastmoney_fundcode_search
563870,SH,通用航空ETF鹏华,指数型-股票,A股行业,行业,制造（国防军工）,industry.defense,high,auto_approved,,,1,2023-01-01,eastmoney_fundcode_search
563880,SH,A500ETF汇添富,指数型-股票,A股宽基,宽基,宽基（大盘）,broad.large,high,auto_approved,,,1,2023-01-01,eastmoney_fundcode_search
563890,SH,国企红利ETF创金合信,指数型-股票,A股策略,策略,红利与高股息,strategy.dividend,high,auto_approved,,,1,2023-01-01,eastmoney_fundcode_search
563900,SH,300自由现金流ETF摩根,指数型-股票,A股策略,策略,质量与现金流,strategy.quality,high,auto_approved,,,1,2023-01-01,eastmoney_fundcode_search
563930,SH,上证增强ETF招商,指数型-股票,A股策略,策略,其他策略,strategy.other,high,auto_approved,,,1,2023-01-01,eastmoney_fundcode_search
563960,SH,300质量ETF兴全,指数型-股票,A股策略,策略,质量与现金流,strategy.quality,high,auto_approved,,,1,2023-01-01,eastmoney_fundcode_search
563980,SH,800红利低波ETF鑫元,指数型-股票,A股策略,策略,红利与高股息,strategy.dividend,high,auto_approved,,,1,2023-01-01,eastmoney_fundcode_search
563990,SH,800现金流ETF富国,指数型-股票,A股策略,策略,质量与现金流,strategy.quality,high,auto_approved,,,1,2023-01-01,eastmoney_fundcode_search
588000,SH,科创50ETF华夏,指数型-股票,A股宽基,宽基,科技（指数）,broad.tech,high,auto_approved,,,1,2023-01-01,eastmoney_fundcode_search
588010,SH,科创新材料ETF博时,指数型-股票,A股行业,行业,周期（化工与材料）,industry.chemical,high,auto_approved,,,1,2023-01-01,eastmoney_fundcode_search
588020,SH,科创成长ETF易方达,指数型-股票,A股宽基,宽基,科技（指数）,broad.tech,high,auto_approved,,,1,2023-01-01,eastmoney_fundcode_search
588030,SH,科创100ETF博时,指数型-股票,A股宽基,宽基,科技（指数）,broad.tech,high,auto_approved,,,1,2023-01-01,eastmoney_fundcode_search
588040,SH,科创50ETF鹏华,指数型-股票,A股宽基,宽基,科技（指数）,broad.tech,high,auto_approved,,,1,2023-01-01,eastmoney_fundcode_search
588050,SH,科创50ETF工银,指数型-股票,A股宽基,宽基,科技（指数）,broad.tech,high,auto_approved,,,1,2023-01-01,eastmoney_fundcode_search
588060,SH,科创50ETF广发,指数型-股票,A股宽基,宽基,科技（指数）,broad.tech,high,auto_approved,,,1,2023-01-01,eastmoney_fundcode_search
588070,SH,科创成长ETF万家,指数型-股票,A股宽基,宽基,科技（指数）,broad.tech,high,auto_approved,,,1,2023-01-01,eastmoney_fundcode_search
588080,SH,科创50ETF易方达,指数型-股票,A股宽基,宽基,科技（指数）,broad.tech,high,auto_approved,,,1,2023-01-01,eastmoney_fundcode_search
588090,SH,科创50ETF华泰柏瑞,指数型-股票,A股宽基,宽基,科技（指数）,broad.tech,high,auto_approved,,,1,2023-01-01,eastmoney_fundcode_search
588100,SH,科创信息ETF嘉实,指数型-股票,A股行业,行业,科技（计算机与AI）,industry.computer_ai,high,auto_approved,,,1,2023-01-01,eastmoney_fundcode_search
588110,SH,科创成长ETF广发,指数型-股票,A股宽基,宽基,科技（指数）,broad.tech,high,auto_approved,,,1,2023-01-01,eastmoney_fundcode_search
588120,SH,科创100ETF国泰,指数型-股票,A股宽基,宽基,科技（指数）,broad.tech,high,auto_approved,,,1,2023-01-01,eastmoney_fundcode_search
588130,SH,科创医药ETF华夏,指数型-股票,A股行业,行业,消费（医药生物）,industry.healthcare,high,auto_approved,,,1,2023-01-01,eastmoney_fundcode_search
588140,SH,科创200ETF广发,指数型-股票,A股宽基,宽基,科技（指数）,broad.tech,high,auto_approved,,,1,2023-01-01,eastmoney_fundcode_search
588150,SH,科创50ETF南方,指数型-股票,A股宽基,宽基,科技（指数）,broad.tech,high,auto_approved,,,1,2023-01-01,eastmoney_fundcode_search
588160,SH,科创新材料ETF南方,指数型-股票,A股行业,行业,周期（化工与材料）,industry.chemical,high,auto_approved,,,1,2023-01-01,eastmoney_fundcode_search
588170,SH,科创半导体ETF华夏,指数型-股票,A股行业,行业,科技（半导体）,industry.semiconductor,high,auto_approved,,,1,2023-01-01,eastmoney_fundcode_search
588180,SH,科创50ETF国联安,指数型-股票,A股宽基,宽基,科技（指数）,broad.tech,high,auto_approved,,,1,2023-01-01,eastmoney_fundcode_search
588190,SH,科创100ETF银华,指数型-股票,A股宽基,宽基,科技（指数）,broad.tech,high,auto_approved,,,1,2023-01-01,eastmoney_fundcode_search
588200,SH,科创芯片ETF嘉实,指数型-股票,A股行业,行业,科技（半导体）,industry.semiconductor,high,auto_approved,,,1,2023-01-01,eastmoney_fundcode_search
588210,SH,科创100ETF易方达,指数型-股票,A股宽基,宽基,科技（指数）,broad.tech,high,auto_approved,,,1,2023-01-01,eastmoney_fundcode_search
588220,SH,科创100ETF鹏华,指数型-股票,A股宽基,宽基,科技（指数）,broad.tech,high,auto_approved,,,1,2023-01-01,eastmoney_fundcode_search
588230,SH,科创200ETF华泰柏瑞,指数型-股票,A股宽基,宽基,科技（指数）,broad.tech,high,auto_approved,,,1,2023-01-01,eastmoney_fundcode_search
588240,SH,科创200ETF鹏华,指数型-股票,A股宽基,宽基,科技（指数）,broad.tech,high,auto_approved,,,1,2023-01-01,eastmoney_fundcode_search
588250,SH,科创医药ETF鹏华,指数型-股票,A股行业,行业,消费（医药生物）,industry.healthcare,high,auto_approved,,,1,2023-01-01,eastmoney_fundcode_search
588260,SH,科创信息ETF华安,指数型-股票,A股行业,行业,科技（计算机与AI）,industry.computer_ai,high,auto_approved,,,1,2023-01-01,eastmoney_fundcode_search
588270,SH,科创200ETF易方达,指数型-股票,A股宽基,宽基,科技（指数）,broad.tech,high,auto_approved,,,1,2023-01-01,eastmoney_fundcode_search
588280,SH,科创50ETF华安,指数型-股票,A股宽基,宽基,科技（指数）,broad.tech,high,auto_approved,,,1,2023-01-01,eastmoney_fundcode_search
588290,SH,科创芯片ETF华安,指数型-股票,A股行业,行业,科技（半导体）,industry.semiconductor,high,auto_approved,,,1,2023-01-01,eastmoney_fundcode_search
588300,SH,科创创业50ETF招商,指数型-股票,A股宽基,宽基,科技（指数）,broad.tech,high,auto_approved,,,1,2023-01-01,eastmoney_fundcode_search
588310,SH,科创创业ETF方正富邦,指数型-股票,A股宽基,宽基,科技（指数）,broad.tech,high,auto_approved,,,1,2023-01-01,eastmoney_fundcode_search
588320,SH,双创50增强ETF广发,指数型-股票,A股宽基,宽基,科技（指数）,broad.tech,high,auto_approved,,,1,2023-01-01,eastmoney_fundcode_search
588330,SH,双创50ETF华宝,指数型-股票,A股宽基,宽基,科技（指数）,broad.tech,high,auto_approved,,,1,2023-01-01,eastmoney_fundcode_search
588350,SH,科创创业50ETF鹏扬,指数型-股票,A股宽基,宽基,科技（指数）,broad.tech,high,auto_approved,,,1,2023-01-01,eastmoney_fundcode_search
588360,SH,科创创业ETF国泰,指数型-股票,A股宽基,宽基,科技（指数）,broad.tech,high,auto_approved,,,1,2023-01-01,eastmoney_fundcode_search
588370,SH,科创50增强ETF南方,指数型-股票,A股宽基,宽基,科技（指数）,broad.tech,high,auto_approved,,,1,2023-01-01,eastmoney_fundcode_search
588380,SH,科创创业ETF富国,指数型-股票,A股宽基,宽基,科技（指数）,broad.tech,high,auto_approved,,,1,2023-01-01,eastmoney_fundcode_search
588390,SH,科创创业ETF博时,指数型-股票,A股宽基,宽基,科技（指数）,broad.tech,high,auto_approved,,,1,2023-01-01,eastmoney_fundcode_search
588400,SH,科创创业ETF嘉实,指数型-股票,A股宽基,宽基,科技（指数）,broad.tech,high,auto_approved,,,1,2023-01-01,eastmoney_fundcode_search
588410,SH,科创创业人工智能ETF鹏华,指数型-股票,A股宽基,宽基,科技（指数）,broad.tech,high,auto_approved,,,1,2023-01-01,eastmoney_fundcode_search
588420,SH,科创创业人工智能ETF摩根,指数型-股票,A股宽基,宽基,科技（指数）,broad.tech,high,auto_approved,,,1,2023-01-01,eastmoney_fundcode_search
588430,SH,科创创业人工智能ETF工银,指数型-股票,A股宽基,宽基,科技（指数）,broad.tech,high,auto_approved,,,1,2023-01-01,eastmoney_fundcode_search
588450,SH,科创50增强ETF招商,指数型-股票,A股宽基,宽基,科技（指数）,broad.tech,high,auto_approved,,,1,2023-01-01,eastmoney_fundcode_search
588460,SH,科创50增强ETF鹏华,指数型-股票,A股宽基,宽基,科技（指数）,broad.tech,high,auto_approved,,,1,2023-01-01,eastmoney_fundcode_search
588470,SH,科创创业人工智能ETF华安,指数型-股票,A股宽基,宽基,科技（指数）,broad.tech,high,auto_approved,,,1,2023-01-01,eastmoney_fundcode_search
588480,SH,科创创业人工智能ETF中金,指数型-股票,A股宽基,宽基,科技（指数）,broad.tech,high,auto_approved,,,1,2023-01-01,eastmoney_fundcode_search
588500,SH,科创100增强ETF易方达,指数型-股票,A股宽基,宽基,科技（指数）,broad.tech,high,auto_approved,,,1,2023-01-01,eastmoney_fundcode_search
588510,SH,科创创业人工智能ETF华夏,指数型-股票,A股宽基,宽基,科技（指数）,broad.tech,high,auto_approved,,,1,2023-01-01,eastmoney_fundcode_search
588520,SH,科创增强ETF永赢,指数型-股票,A股宽基,宽基,科技（指数）,broad.tech,high,auto_approved,,,1,2023-01-01,eastmoney_fundcode_search
588530,SH,科创创业人工智能ETF中银证券,指数型-股票,A股宽基,宽基,科技（指数）,broad.tech,high,auto_approved,,,1,2023-01-01,eastmoney_fundcode_search
588550,SH,科创综指增强ETF易方达,指数型-股票,A股宽基,宽基,科技（指数）,broad.tech,high,auto_approved,,,1,2023-01-01,eastmoney_fundcode_search
588660,SH,科创创业50ETF兴银,指数型-股票,A股宽基,宽基,科技（指数）,broad.tech,high,auto_approved,,,1,2023-01-01,eastmoney_fundcode_search
588670,SH,科创综指增强ETF嘉实,指数型-股票,A股宽基,宽基,科技（指数）,broad.tech,high,auto_approved,,,1,2023-01-01,eastmoney_fundcode_search
588680,SH,科创100增强ETF广发,指数型-股票,A股宽基,宽基,科技（指数）,broad.tech,high,auto_approved,,,1,2023-01-01,eastmoney_fundcode_search
588690,SH,科创增强ETF银华,指数型-股票,A股宽基,宽基,科技（指数）,broad.tech,high,auto_approved,,,1,2023-01-01,eastmoney_fundcode_search
588700,SH,科创医药ETF嘉实,指数型-股票,A股行业,行业,消费（医药生物）,industry.healthcare,high,auto_approved,,,1,2023-01-01,eastmoney_fundcode_search
588710,SH,科创半导体设备ETF华泰柏瑞,指数型-股票,A股行业,行业,科技（半导体）,industry.semiconductor,high,auto_approved,,,1,2023-01-01,eastmoney_fundcode_search
588720,SH,科创50ETF中银,指数型-股票,A股宽基,宽基,科技（指数）,broad.tech,high,auto_approved,,,1,2023-01-01,eastmoney_fundcode_search
588730,SH,科创人工智能ETF易方达,指数型-股票,A股行业,行业,科技（计算机与AI）,industry.computer_ai,high,auto_approved,,,1,2023-01-01,eastmoney_fundcode_search
588750,SH,科创芯片ETF汇添富,指数型-股票,A股行业,行业,科技（半导体）,industry.semiconductor,high,auto_approved,,,1,2023-01-01,eastmoney_fundcode_search
588760,SH,科创人工智能ETF广发,指数型-股票,A股行业,行业,科技（计算机与AI）,industry.computer_ai,high,auto_approved,,,1,2023-01-01,eastmoney_fundcode_search
588770,SH,科创信息ETF摩根,指数型-股票,A股行业,行业,科技（计算机与AI）,industry.computer_ai,high,auto_approved,,,1,2023-01-01,eastmoney_fundcode_search
588780,SH,科创芯片设计ETF国联安,指数型-股票,A股行业,行业,科技（半导体）,industry.semiconductor,high,auto_approved,,,1,2023-01-01,eastmoney_fundcode_search
588790,SH,科创AIETF博时,指数型-股票,A股行业,行业,科技（计算机与AI）,industry.computer_ai,high,auto_approved,,,1,2023-01-01,eastmoney_fundcode_search
588800,SH,科创100ETF华夏,指数型-股票,A股宽基,宽基,科技（指数）,broad.tech,high,auto_approved,,,1,2023-01-01,eastmoney_fundcode_search
588810,SH,科创芯片ETF富国,指数型-股票,A股行业,行业,科技（半导体）,industry.semiconductor,high,auto_approved,,,1,2023-01-01,eastmoney_fundcode_search
588820,SH,科创200ETF华夏,指数型-股票,A股宽基,宽基,科技（指数）,broad.tech,high,auto_approved,,,1,2023-01-01,eastmoney_fundcode_search
588830,SH,科创新能源ETF鹏华,指数型-股票,A股行业,行业,制造（新能源）,industry.new_energy,high,auto_approved,,,1,2023-01-01,eastmoney_fundcode_search
588840,SH,科创50ETF万家,指数型-股票,A股宽基,宽基,科技（指数）,broad.tech,high,auto_approved,,,1,2023-01-01,eastmoney_fundcode_search
588850,SH,科创机械ETF嘉实,指数型-股票,A股行业,行业,制造（机械与高端制造）,industry.manufacturing,high,auto_approved,,,1,2023-01-01,eastmoney_fundcode_search
588860,SH,科创医药ETF工银,指数型-股票,A股行业,行业,消费（医药生物）,industry.healthcare,high,auto_approved,,,1,2023-01-01,eastmoney_fundcode_search
588870,SH,科创50ETF汇添富,指数型-股票,A股宽基,宽基,科技（指数）,broad.tech,high,auto_approved,,,1,2023-01-01,eastmoney_fundcode_search
588880,SH,科创100ETF华泰柏瑞,指数型-股票,A股宽基,宽基,科技（指数）,broad.tech,high,auto_approved,,,1,2023-01-01,eastmoney_fundcode_search
588890,SH,科创芯片ETF南方,指数型-股票,A股行业,行业,科技（半导体）,industry.semiconductor,high,auto_approved,,,1,2023-01-01,eastmoney_fundcode_search
588900,SH,科创100ETF南方,指数型-股票,A股宽基,宽基,科技（指数）,broad.tech,high,auto_approved,,,1,2023-01-01,eastmoney_fundcode_search
588910,SH,科创价值ETF建信,指数型-股票,A股策略,策略,价值,strategy.value,high,auto_approved,,,1,2023-01-01,eastmoney_fundcode_search
588920,SH,科创芯片ETF鹏华,指数型-股票,A股行业,行业,科技（半导体）,industry.semiconductor,high,auto_approved,,,1,2023-01-01,eastmoney_fundcode_search
588930,SH,科创人工智能ETF银华,指数型-股票,A股行业,行业,科技（计算机与AI）,industry.computer_ai,high,auto_approved,,,1,2023-01-01,eastmoney_fundcode_search
588940,SH,科创50ETF富国,指数型-股票,A股宽基,宽基,科技（指数）,broad.tech,high,auto_approved,,,1,2023-01-01,eastmoney_fundcode_search
588950,SH,科创50ETF景顺,指数型-股票,A股宽基,宽基,科技（指数）,broad.tech,high,auto_approved,,,1,2023-01-01,eastmoney_fundcode_search
588960,SH,科创新能源ETF富国,指数型-股票,A股行业,行业,制造（新能源）,industry.new_energy,high,auto_approved,,,1,2023-01-01,eastmoney_fundcode_search
588980,SH,科创100ETF广发,指数型-股票,A股宽基,宽基,科技（指数）,broad.tech,high,auto_approved,,,1,2023-01-01,eastmoney_fundcode_search
588990,SH,科创芯片ETF博时,指数型-股票,A股行业,行业,科技（半导体）,industry.semiconductor,high,auto_approved,,,1,2023-01-01,eastmoney_fundcode_search
589000,SH,科创综指ETF华夏,指数型-股票,A股宽基,宽基,宽基（综合）,broad.composite,high,auto_approved,,,1,2023-01-01,eastmoney_fundcode_search
589010,SH,科创人工智能ETF华夏,指数型-股票,A股行业,行业,科技（计算机与AI）,industry.computer_ai,high,auto_approved,,,1,2023-01-01,eastmoney_fundcode_search
589020,SH,科创半导体设备ETF鹏华,指数型-股票,A股行业,行业,科技（半导体）,industry.semiconductor,high,auto_approved,,,1,2023-01-01,eastmoney_fundcode_search
589030,SH,科创芯片设计ETF易方达,指数型-股票,A股行业,行业,科技（半导体）,industry.semiconductor,high,auto_approved,,,1,2023-01-01,eastmoney_fundcode_search
589050,SH,科创综指ETF兴业,指数型-股票,A股宽基,宽基,宽基（综合）,broad.composite,high,auto_approved,,,1,2023-01-01,eastmoney_fundcode_search
589060,SH,科创综指ETF东财,指数型-股票,A股宽基,宽基,宽基（综合）,broad.composite,high,auto_approved,,,1,2023-01-01,eastmoney_fundcode_search
589070,SH,科创芯片设计ETF天弘,指数型-股票,A股行业,行业,科技（半导体）,industry.semiconductor,high,auto_approved,,,1,2023-01-01,eastmoney_fundcode_search
589080,SH,科创综指ETF汇添富,指数型-股票,A股宽基,宽基,宽基（综合）,broad.composite,high,auto_approved,,,1,2023-01-01,eastmoney_fundcode_search
589090,SH,科创AIETF鹏华,指数型-股票,A股行业,行业,科技（计算机与AI）,industry.computer_ai,high,auto_approved,,,1,2023-01-01,eastmoney_fundcode_search
589100,SH,科创芯片ETF国泰,指数型-股票,A股行业,行业,科技（半导体）,industry.semiconductor,high,auto_approved,,,1,2023-01-01,eastmoney_fundcode_search
589110,SH,科创人工智能ETF国泰,指数型-股票,A股行业,行业,科技（计算机与AI）,industry.computer_ai,high,auto_approved,,,1,2023-01-01,eastmoney_fundcode_search
589120,SH,科创创新药ETF汇添富,指数型-股票,A股行业,行业,消费（医药生物）,industry.healthcare,high,auto_approved,,,1,2023-01-01,eastmoney_fundcode_search
589130,SH,科创芯片ETF易方达,指数型-股票,A股行业,行业,科技（半导体）,industry.semiconductor,high,auto_approved,,,1,2023-01-01,eastmoney_fundcode_search
589150,SH,科创50ETF平安,指数型-股票,A股宽基,宽基,科技（指数）,broad.tech,high,auto_approved,,,1,2023-01-01,eastmoney_fundcode_search
589160,SH,科创芯片ETF广发,指数型-股票,A股行业,行业,科技（半导体）,industry.semiconductor,high,auto_approved,,,1,2023-01-01,eastmoney_fundcode_search
589170,SH,科创芯片设计ETF鹏华,指数型-股票,A股行业,行业,科技（半导体）,industry.semiconductor,high,auto_approved,,,1,2023-01-01,eastmoney_fundcode_search
589180,SH,科创新材料ETF汇添富,指数型-股票,A股行业,行业,周期（化工与材料）,industry.chemical,high,auto_approved,,,1,2023-01-01,eastmoney_fundcode_search
589190,SH,科创芯片ETF华宝,指数型-股票,A股行业,行业,科技（半导体）,industry.semiconductor,high,auto_approved,,,1,2023-01-01,eastmoney_fundcode_search
589200,SH,科创200ETF工银,指数型-股票,A股宽基,宽基,科技（指数）,broad.tech,high,auto_approved,,,1,2023-01-01,eastmoney_fundcode_search
589210,SH,科创芯片设计ETF广发,指数型-股票,A股行业,行业,科技（半导体）,industry.semiconductor,high,auto_approved,,,1,2023-01-01,eastmoney_fundcode_search
589220,SH,科创200ETF国泰,指数型-股票,A股宽基,宽基,科技（指数）,broad.tech,high,auto_approved,,,1,2023-01-01,eastmoney_fundcode_search
589230,SH,科创人工智能ETF南方,指数型-股票,A股行业,行业,科技（计算机与AI）,industry.computer_ai,high,auto_approved,,,1,2023-01-01,eastmoney_fundcode_search
589250,SH,科创芯片设计ETF浦银,指数型-股票,A股行业,行业,科技（半导体）,industry.semiconductor,high,auto_approved,,,1,2023-01-01,eastmoney_fundcode_search
589260,SH,科创芯片设计ETF国泰,指数型-股票,A股行业,行业,科技（半导体）,industry.semiconductor,high,auto_approved,,,1,2023-01-01,eastmoney_fundcode_search
589270,SH,科创100ETF前海开源,指数型-股票,A股宽基,宽基,科技（指数）,broad.tech,high,auto_approved,,,1,2023-01-01,eastmoney_fundcode_search
589280,SH,科创增强ETF华宝,指数型-股票,A股宽基,宽基,科技（指数）,broad.tech,high,auto_approved,,,1,2023-01-01,eastmoney_fundcode_search
589290,SH,科创芯片设计ETF汇添富,指数型-股票,A股行业,行业,科技（半导体）,industry.semiconductor,high,auto_approved,,,1,2023-01-01,eastmoney_fundcode_search
589300,SH,科创综指ETF嘉实,指数型-股票,A股宽基,宽基,宽基（综合）,broad.composite,high,auto_approved,,,1,2023-01-01,eastmoney_fundcode_search
589310,SH,科创人工智能ETF鑫元,指数型-股票,A股行业,行业,科技（计算机与AI）,industry.computer_ai,high,auto_approved,,,1,2023-01-01,eastmoney_fundcode_search
589320,SH,科创200ETF嘉实,指数型-股票,A股宽基,宽基,科技（指数）,broad.tech,high,auto_approved,,,1,2023-01-01,eastmoney_fundcode_search
589330,SH,科创200ETF东财,指数型-股票,A股宽基,宽基,科技（指数）,broad.tech,high,auto_approved,,,1,2023-01-01,eastmoney_fundcode_search
589350,SH,科创芯片设计ETF银华,指数型-股票,A股行业,行业,科技（半导体）,industry.semiconductor,high,auto_approved,,,1,2023-01-01,eastmoney_fundcode_search
589360,SH,科创50ETF国泰,指数型-股票,A股宽基,宽基,科技（指数）,broad.tech,high,auto_approved,,,1,2023-01-01,eastmoney_fundcode_search
589380,SH,科创人工智能ETF富国,指数型-股票,A股行业,行业,科技（计算机与AI）,industry.computer_ai,high,auto_approved,,,1,2023-01-01,eastmoney_fundcode_search
589390,SH,科创芯片设计ETF招商,指数型-股票,A股行业,行业,科技（半导体）,industry.semiconductor,high,auto_approved,,,1,2023-01-01,eastmoney_fundcode_search
589400,SH,科创芯片设计ETF富国,指数型-股票,A股行业,行业,科技（半导体）,industry.semiconductor,high,auto_approved,,,1,2023-01-01,eastmoney_fundcode_search
589410,SH,科创人工智能ETF嘉实,指数型-股票,A股行业,行业,科技（计算机与AI）,industry.computer_ai,high,auto_approved,,,1,2023-01-01,eastmoney_fundcode_search
589420,SH,科创芯片设计ETF永赢,指数型-股票,A股行业,行业,科技（半导体）,industry.semiconductor,high,auto_approved,,,1,2023-01-01,eastmoney_fundcode_search
589430,SH,科创芯片设计ETF华宝,指数型-股票,A股行业,行业,科技（半导体）,industry.semiconductor,high,auto_approved,,,1,2023-01-01,eastmoney_fundcode_search
589460,SH,科创200ETF华宝,指数型-股票,A股宽基,宽基,科技（指数）,broad.tech,high,auto_approved,,,1,2023-01-01,eastmoney_fundcode_search
589500,SH,科创综指ETF工银,指数型-股票,A股宽基,宽基,宽基（综合）,broad.composite,high,auto_approved,,,1,2023-01-01,eastmoney_fundcode_search
589520,SH,科创人工智能ETF华宝,指数型-股票,A股行业,行业,科技（计算机与AI）,industry.computer_ai,high,auto_approved,,,1,2023-01-01,eastmoney_fundcode_search
589550,SH,科创价值ETF华夏,指数型-股票,A股策略,策略,价值,strategy.value,high,auto_approved,,,1,2023-01-01,eastmoney_fundcode_search
589560,SH,科创人工智能ETF汇添富,指数型-股票,A股行业,行业,科技（计算机与AI）,industry.computer_ai,high,auto_approved,,,1,2023-01-01,eastmoney_fundcode_search
589580,SH,科创综指ETF兴银,指数型-股票,A股宽基,宽基,宽基（综合）,broad.composite,high,auto_approved,,,1,2023-01-01,eastmoney_fundcode_search
589600,SH,科创综指ETF富国,指数型-股票,A股宽基,宽基,宽基（综合）,broad.composite,high,auto_approved,,,1,2023-01-01,eastmoney_fundcode_search
589630,SH,科创综指ETF国泰,指数型-股票,A股宽基,宽基,宽基（综合）,broad.composite,high,auto_approved,,,1,2023-01-01,eastmoney_fundcode_search
589660,SH,科创综指ETF南方,指数型-股票,A股宽基,宽基,宽基（综合）,broad.composite,high,auto_approved,,,1,2023-01-01,eastmoney_fundcode_search
589680,SH,科创综指ETF鹏华,指数型-股票,A股宽基,宽基,宽基（综合）,broad.composite,high,auto_approved,,,1,2023-01-01,eastmoney_fundcode_search
589700,SH,科创成长ETF南方,指数型-股票,A股宽基,宽基,科技（指数）,broad.tech,high,auto_approved,,,1,2023-01-01,eastmoney_fundcode_search
589720,SH,科创创新药ETF国泰,指数型-股票,A股行业,行业,消费（医药生物）,industry.healthcare,high,auto_approved,,,1,2023-01-01,eastmoney_fundcode_search
589770,SH,科创综指ETF招商,指数型-股票,A股宽基,宽基,宽基（综合）,broad.composite,high,auto_approved,,,1,2023-01-01,eastmoney_fundcode_search
589780,SH,科创200ETF富国,指数型-股票,A股宽基,宽基,科技（指数）,broad.tech,high,auto_approved,,,1,2023-01-01,eastmoney_fundcode_search
589800,SH,科创综指ETF易方达,指数型-股票,A股宽基,宽基,宽基（综合）,broad.composite,high,auto_approved,,,1,2023-01-01,eastmoney_fundcode_search
589820,SH,科创200ETF建信,指数型-股票,A股宽基,宽基,科技（指数）,broad.tech,high,auto_approved,,,1,2023-01-01,eastmoney_fundcode_search
589850,SH,科创50ETF东财,指数型-股票,A股宽基,宽基,科技（指数）,broad.tech,high,auto_approved,,,1,2023-01-01,eastmoney_fundcode_search
589860,SH,科创综指ETF天弘,指数型-股票,A股宽基,宽基,宽基（综合）,broad.composite,high,auto_approved,,,1,2023-01-01,eastmoney_fundcode_search
589880,SH,科创综指ETF建信,指数型-股票,A股宽基,宽基,宽基（综合）,broad.composite,high,auto_approved,,,1,2023-01-01,eastmoney_fundcode_search
589890,SH,科创综指ETF景顺,指数型-股票,A股宽基,宽基,宽基（综合）,broad.composite,high,auto_approved,,,1,2023-01-01,eastmoney_fundcode_search
589900,SH,科创综指ETF博时,指数型-股票,A股宽基,宽基,宽基（综合）,broad.composite,high,auto_approved,,,1,2023-01-01,eastmoney_fundcode_search
589950,SH,科创100ETF富国,指数型-股票,A股宽基,宽基,科技（指数）,broad.tech,high,auto_approved,,,1,2023-01-01,eastmoney_fundcode_search
589960,SH,科创新能源ETF易方达,指数型-股票,A股行业,行业,制造（新能源）,industry.new_energy,high,auto_approved,,,1,2023-01-01,eastmoney_fundcode_search
589980,SH,科创100ETF汇添富,指数型-股票,A股宽基,宽基,科技（指数）,broad.tech,high,auto_approved,,,1,2023-01-01,eastmoney_fundcode_search
589990,SH,科创综指ETF华泰柏瑞,指数型-股票,A股宽基,宽基,宽基（综合）,broad.composite,high,auto_approved,,,1,2023-01-01,eastmoney_fundcode_search
